team_abbrev,team_name,year,seed,wins,exit_round,adj_o,adj_d,adj_em,barthag,wab,off_efg,def_efg,off_to,def_to,off_or,def_or,off_ftr,def_ftr,fg3_pct,fg3_d_pct,ft_pct,off_cv,off_mean,off_range_80_20,pct_games_above_mean_o,def_cv,efg_cv,to_cv,to_std,margin_std,margin_mean,pct_games_close,pct_games_blown,off_win_loss_gap,off_last10_std,off_last10_mean,off_rating_vs_tier1_mean,off_rating_vs_tier2_mean,off_rating_vs_tier3_mean,efg_vs_tier1_mean,efg_vs_tier2_mean,efg_vs_tier3_mean,to_vs_tier1_mean,to_vs_tier2_mean,to_vs_tier3_mean,or_vs_tier1_mean,or_vs_tier2_mean,or_vs_tier3_mean,off_rating_dropoff_t1_vs_t3,efg_dropoff_t1_vs_t3,to_dropoff_t1_vs_t3,or_dropoff_t1_vs_t3,n_tier1_games,off_neutral_mean,home_away_gap,home_neutral_gap,win_pct_neutral,star_pts_cv,star_pts_mean,top8_pts_cv_mean,top8_pts_cv_max,star_fg_pct_cv,star_fg_pct_mean,top8_fg_pct_cv_mean,top8_fg_pct_cv_max,top8_fg3_pct_cv_mean,top8_fg3_pct_cv_max,top8_ft_pct_cv_mean,top8_orb_cv_mean,top8_orb_cv_max,top8_blk_cv_mean,top8_blk_cv_max,top8_stl_cv_mean,top8_stl_cv_max,top8_pts_cv_std,top8_pts_mean_std,star_pts_reliable_pct,team_fg2_pct_cv,team_fg3_pct_cv,team_ft_pct_cv,team_pts_cv,team_orb_cv,team_drb_cv,team_trb_cv,team_ast_cv,team_stl_cv,team_blk_cv,team_tov_cv,team_pf_cv,team_pts_allowed_cv,team_opp_fg3_pct_cv,team_opp_ft_pct_cv,team_opp_orb_cv,team_opp_tov_cv,team_opp_blk_cv,team_ast_to_ratio_cv,team_opp_efg_cv
duke,Duke,2015,1,6,Champion,124.5976033502,93.060806796819,31.53679655338101,0.96630457268826,10.556921859204,56.9,47.4,16.8,18.7,37.4,30.1,40.2,24.9,38.6,32.0,69.1,0.1363429800409071,120.58387096774193,24.099999999999994,0.45161290322580644,0.12202697155468833,0.15088027009138855,0.24251364257869065,4.07892300775901,7.5447876134013105,7.740278032258065,0.3870967741935484,0.0,17.696428571428555,13.197979643364615,122.0,116.60833333333335,115.80909090909091,133.1125,57.38333333333333,53.38181818181818,61.662499999999994,17.708333333333332,17.363636363636363,14.737499999999999,34.233333333333334,36.5,42.4625,16.504166666666663,4.2791666666666615,-2.970833333333333,8.229166666666664,12,109.425,11.15397727272726,17.356250000000003,1.0,0.33976997264336695,17.633333333333333,0.6671229306973194,1.5597090458455087,0.2379396440009775,0.6917666666666666,0.510415798295724,1.0508399118044673,0.7650921226955203,1.0489013687468944,0.4146973629133565,1.1651902457710832,2.2925721297644452,2.68732332999386,5.567764362830024,1.2111256110879165,2.44359445206316,0.3949116333710978,4.783274595630755,0.5333333333333333,0.17063773404787938,0.2829622996843908,0.16415566998146408,0.14167478534199746,0.3334341608819502,0.1304873376526597,0.13855361085933682,0.2831267261842606,0.35859451998309283,0.5633919464081123,0.27422665505908783,0.1575135499897947,0.1805464944046165,0.49640450482600934,0.2284323058831368,0.3902742767076389,0.23981604520531621,0.7685265654491799,0.4182915462276537,0.1682973229723741
wisconsin,Wisconsin,2015,1,5,Runner-up,126.35210696622,92.103078231878,34.249028734342005,0.97431650545111,11.258151384354,54.6,46.7,12.4,16.7,31.9,23.7,35.6,21.1,35.7,36.0,76.3,0.127291860426274,119.5,22.599999999999994,0.5161290322580645,0.15857326142883513,0.13852483093530618,0.3200286711325236,4.030296555165717,6.3281072138682335,8.481063870967741,0.22580645161290322,0.0,13.98690476190474,15.716657829619287,117.0,122.39230769230768,113.74285714285715,119.74545454545455,54.407692307692315,53.128571428571426,54.81818181818182,12.46153846153846,14.357142857142858,11.627272727272729,33.18461538461538,30.371428571428574,29.90909090909091,-2.6468531468531324,0.410489510489505,-0.8342657342657311,-3.275524475524467,13,108.8,11.73333333333332,16.874999999999986,1.0,0.28765610852209916,18.433333333333334,0.616743070833057,1.2827429059951516,0.2533190329041408,0.5482333333333334,0.5776593337872421,1.1698464375506898,1.2151547602458324,2.9999999999999996,0.3675057159085463,1.0793459165606045,1.5893161818612198,1.9135230810987731,2.9960291180478325,1.6277549820623705,2.116848970210726,0.3183843469590128,5.139074405743115,0.6666666666666666,0.14489430456160474,0.2659947413682371,0.15458531818793655,0.15612216236708723,0.3520389690496773,0.2387254799250294,0.19614089672914445,0.3221019346454408,0.6161210311081299,0.6257945629629692,0.33206031157575994,0.20925950981632077,0.1917109496243645,0.38943407827057813,0.33967567708273333,0.39716076470404876,0.41655983338330704,0.8618106577910357,0.41000061842721586,0.20273888086605896
kentucky,Kentucky,2015,1,4,F4,119.04185689874,83.481070574335,35.56078632440499,0.9833872992224,12.958534991578,51.8,39.7,16.4,21.8,40.4,31.6,43.8,31.6,35.0,27.4,72.2,0.10307705225112429,115.17096774193548,18.60000000000001,0.4838709677419355,0.15468949609842314,0.16095900632593368,0.35502513972351263,5.817831321920788,7.849243268103341,9.282737683870966,0.3870967741935484,0.0,,8.675405850256611,115.66,111.14166666666667,112.73750000000001,121.33636363636364,49.849999999999994,51.2625,54.400000000000006,15.308333333333335,16.5875,17.41818181818182,37.70000000000001,36.875,45.199999999999996,10.194696969696977,4.550000000000011,2.109848484848486,7.499999999999986,12,120.15,8.8336842105263,-2.276315789473699,,0.5343390611429962,11.225806451612904,0.5500051503762671,0.7380568954024819,0.4326685309270649,0.3833225806451613,0.48774356018276,0.6432004864343059,1.1527551509240055,1.8516401995451028,0.3660001427348497,1.166909766813247,1.8459248942281004,2.4700762092495134,5.477225575051658,1.2374263711430329,1.8620466242427964,0.07617295464154758,1.8091904965837045,0.6774193548387096,0.19144229018348563,0.3734812839741677,0.14209293856417207,0.1620042168770908,0.38400920310256065,0.26882374300650436,0.2419346053842233,0.3078913793032786,0.3630141725794948,0.485310447440407,0.3778708931077135,0.2692707320436043,0.23309851433310985,0.4567100669078596,0.2639612584632737,0.39477891087643424,0.29534212285598704,0.6326588351126462,0.3884830746516789,0.2590074788506459
michigan-state,Michigan State,2015,7,4,F4,114.77037419097,92.55876698887,22.2116072021,0.92226526430892,2.9734851238658,53.8,45.7,17.9,17.0,34.6,26.0,31.9,37.7,38.6,32.3,63.3,0.12073146918721885,110.83225806451615,23.799999999999997,0.5161290322580645,0.1510411447820711,0.17008728279972646,0.23420911482053938,4.215764066769708,8.64915183674863,4.931695516129032,0.5161290322580645,0.03225806451612903,13.1709523809524,14.10753935548885,111.75999999999999,106.94666666666667,115.13333333333333,114.32307692307694,51.173333333333325,57.9,56.97692307692308,16.220000000000002,20.833333333333332,19.400000000000002,32.52,33.800000000000004,36.47692307692307,7.376410256410267,5.803589743589754,3.1799999999999997,3.9569230769230685,15,108.525,-1.6852272727272606,1.9624999999999915,0.5,0.4805562274060966,14.806451612903226,0.5729745885250381,1.0829713984369993,0.3232269021882199,0.38658064516129037,0.4495529762543265,0.8197543824646056,0.6684248505295486,1.1093801352600294,0.4606685996044728,1.2391406264461708,1.992956346737178,1.7525841298542342,2.8044277160973183,1.282462302384665,2.074983266331455,0.23318306417542323,7.240811215089525,0.45161290322580644,0.19701093945503126,0.32866404854386877,0.2006022679689608,0.1363477138609635,0.40171698922967974,0.18128676597793256,0.17201753467634642,0.29724954926167985,0.45640371315871464,0.5350545637106351,0.2582102858947499,0.24224449313647248,0.19286285547628698,0.36623913064095537,0.15695383589920078,0.3589815713863893,0.3391792250107756,0.7404893044962697,0.362407924439585,0.22085591018233997
gonzaga,Gonzaga,2015,2,3,E8,120.37392185467,92.866590376906,27.507331477764,0.95182532496225,7.872621778213,58.4,43.6,16.3,17.6,33.9,28.6,39.1,31.6,40.8,32.3,68.9,0.1265029956870578,120.00666666666665,29.039999999999992,0.5,0.15015667446702008,0.13833883386882487,0.2837046513884459,4.643299461057565,7.637941501995284,8.574976551724138,0.26666666666666666,0.0,23.524999999999977,12.97486887109932,115.35,111.58571428571429,108.42,126.5,54.08571428571429,55.78000000000001,60.838888888888896,17.42857142857143,15.719999999999999,16.133333333333333,32.31428571428571,22.720000000000002,37.81666666666666,14.914285714285711,6.753174603174607,-1.2952380952380977,5.502380952380953,7,111.06666666666666,3.681818181818187,11.433333333333337,1.0,0.5329716559560762,16.548387096774192,0.5420545298338016,0.8200752309110071,0.32475097552899135,0.5253225806451612,0.4489191946389156,0.7938750977714986,1.0136851204899409,1.8776394722241863,0.439057973341248,1.090953860367323,1.8212282745398884,1.8058884275176048,3.105550586360565,1.2710816908492233,1.5893161818612198,0.12311294131670393,3.6029086812176585,0.45161290322580644,0.14340023449817463,0.2893298141182571,0.1925705431538938,0.1640012641788778,0.34943045328165584,0.17304895889127167,0.1577477829888712,0.2510319595716595,0.43262394747914656,0.39387694662633627,0.29297262315509953,0.2368160931479435,0.18386093297161946,0.4398367042961594,0.14896454922041058,0.42799753168939053,0.29124924454662465,0.8867564332200429,0.38681984291747035,0.19444412563146612
notre-dame,Notre Dame,2015,3,3,E8,124.35121713015,99.827140452792,24.52407667735801,0.92595848343171,8.4422805861733,58.6,48.1,14.4,17.4,28.1,31.6,37.1,23.3,39.2,32.9,74.0,0.12426635224714792,121.53225806451611,22.400000000000006,0.4838709677419355,0.11247913881193614,0.15279814627877036,0.2764111622344341,3.88491430275945,8.553427162038904,5.047351387096776,0.3870967741935484,0.03225806451612903,21.45230769230767,17.15282937464125,114.42,111.02000000000001,120.14444444444445,131.33333333333334,52.55,57.46666666666667,64.60833333333333,13.91,13.088888888888889,14.9,24.559999999999995,24.755555555555553,33.85,20.313333333333333,12.058333333333337,0.9900000000000002,9.290000000000006,10,117.96666666666665,8.470175438596485,6.670175438596502,0.6666666666666666,0.3528225809634829,16.806451612903224,0.5904248557202172,1.1817583285606008,0.3576433582261897,0.49209677419354847,0.4171066503850133,0.5211459123492533,1.0120069132858722,2.6457513110645907,0.4812445463052699,1.3378617804343174,2.026775500651503,1.584818911465387,2.3180451534284945,1.5449947395134132,3.6641405439646997,0.26905793066356065,4.397192134473544,0.5161290322580645,0.20398895526580366,0.24909522714378202,0.16313291246984973,0.1460639214070713,0.3994295276783903,0.20915326447489102,0.1874907049768837,0.26715983520432307,0.4039961210687461,0.5388910101354032,0.31710827688092424,0.2572659279731086,0.1604718555506813,0.28585830210696694,0.21440868156063791,0.43935545152677824,0.3170428016313139,0.629636803875077,0.4598423698767066,0.16967917508622013
louisville,Louisville,2015,4,3,E8,107.86757655212,86.615034209441,21.252542342678993,0.92576987680304,5.6608715468689,47.8,43.4,17.8,21.8,35.1,30.9,38.8,34.7,30.4,29.3,66.0,0.13095331653356906,104.03548387096774,24.30000000000001,0.5161290322580645,0.13749749670858505,0.20581060514205382,0.26114152728144785,4.637368089304419,7.876196793319252,5.001555161290324,0.3225806451612903,0.0,14.309523809523782,11.407716686524084,98.76,98.575,108.4375,106.7909090909091,43.64166666666666,53.487500000000004,49.90909090909091,17.8,17.0375,18.236363636363638,35.78333333333333,27.95,35.054545454545455,8.215909090909093,6.267424242424248,0.4363636363636374,-0.7287878787878768,12,112.6,-3.6557894736842087,-10.4157894736842,,0.36492432892343646,17.032258064516128,0.9202379009255308,1.6104591915424742,0.33604153480773336,0.42996774193548376,0.7153018751514997,1.2236887587472256,1.352286585197466,2.019757025252594,0.6117737770454706,1.5572756888546415,3.6028834606144624,1.579236504133539,2.4435944520631594,1.4146267625659468,2.1915484515256827,0.44863207725522336,5.996605006035466,0.5161290322580645,0.21075315052310156,0.3990961659005617,0.17552932440016256,0.1965691414351517,0.5129903805094204,0.1881550906355113,0.22087923057620112,0.41380919567673996,0.46924250478471835,0.5008578363180413,0.283551530089068,0.23699365957467236,0.20170953769095248,0.4267934053863533,0.19936023349338586,0.39225869592563384,0.3795132251350712,0.7176988867690146,0.4953961777640273,0.19704574936115163
arizona,Arizona,2015,2,3,E8,115.47419458473,86.463280342025,29.010914242705,0.96535235854906,8.9426698503297,53.6,44.3,16.7,21.1,34.1,22.3,47.1,36.3,36.0,32.8,69.9,0.10643995133572925,113.35483870967741,22.5,0.5161290322580645,0.11996975588103413,0.15833270947287034,0.2822090377296414,4.758408516815599,6.165126330148793,7.438222838709678,0.3870967741935484,0.0,13.530952380952385,12.928951147629023,115.0,109.92500000000001,109.0166666666667,120.58181818181816,48.6875,51.625,58.445454545454545,16.5375,18.51666666666667,15.29090909090909,36.825,31.933333333333334,34.40909090909091,10.656818181818153,9.757954545454545,-1.2465909090909122,-2.4159090909090963,8,107.86666666666667,6.718716577540107,8.715686274509792,1.0,0.29965506362672334,13.903225806451612,0.5611473758005168,1.1474884998423287,0.3531352573553792,0.46254838709677426,0.4779717303601465,0.8381671639588378,1.0368953643999774,1.8252663428174591,0.4395351152115421,1.3445833775064995,2.593094277313203,2.0512158614943843,3.870831090777965,1.7020302133726741,5.385164807134505,0.26133535306410477,3.3701598968882673,0.7419354838709677,0.1856149930926111,0.2899890628211741,0.1770742630835663,0.16356859963193113,0.3075250348268327,0.15535669243900668,0.15197019863911743,0.3121342198080675,0.3336696541107133,0.5085169925188743,0.28825366805450403,0.19167806567555845,0.1620898823457147,0.2927358447743793,0.20323440641623788,0.5326799717857872,0.21685731242930054,0.8765003998378926,0.5176097063287309,0.13785147609107495
utah,Utah,2015,5,2,S16,115.120916199,88.864862159341,26.25605403965901,0.95152240002526,3.654636783741,55.6,42.7,17.8,18.3,31.3,28.1,42.8,34.5,40.2,31.6,70.2,0.14914383619276894,113.32758620689658,34.40000000000002,0.5517241379310345,0.14732164705166134,0.1777331251632116,0.28899199327033764,5.186908017145198,7.361962800431537,6.680552551724139,0.3448275862068966,0.0,25.10064935064935,14.789034977156403,110.6,97.27777777777777,114.39999999999999,123.86153846153844,47.355555555555554,58.228571428571435,60.28461538461538,21.155555555555555,16.642857142857142,16.43076923076923,30.144444444444446,24.499999999999996,34.39999999999999,26.583760683760673,12.929059829059824,-4.724786324786326,4.255555555555546,9,,22.42740384615385,,,0.3389441806474281,14.666666666666666,0.5444679415777597,0.7101547651276376,0.3805568308279193,0.5458000000000001,0.4587800939794839,0.5907232757259134,0.7381042613983471,1.120194643906143,0.44560995887746574,1.3532075978290894,2.5930942773132037,1.434382744243172,2.228431980319142,1.5416308605242182,2.1600297128302737,0.1373172871599706,3.0512732435581054,0.6333333333333333,0.20709140306037963,0.3355884621848406,0.135086773752247,0.17945143480340964,0.3859430991212433,0.2020667140216035,0.17339570298450846,0.2887225816993894,0.4971181316162278,0.4162637753053402,0.29297793271963846,0.22408382498269258,0.19054267758634788,0.4683815031428937,0.2347093462125851,0.446132266522682,0.32359375211043606,0.6883263059394694,0.6392823538322461,0.19415635538815035
west-virginia,West Virginia,2015,5,2,S16,110.45551472012,92.861034601088,17.594480119032,0.8803080392927,3.9482678882467,46.6,52.6,18.7,28.2,40.9,31.1,40.4,55.9,31.9,36.5,66.0,0.1418862946220983,106.42903225806451,26.200000000000003,0.6451612903225806,0.1227863840088145,0.16304319847338514,0.26982902776034606,5.050154900211381,8.184383126444684,2.981320322580645,0.3548387096774194,0.0967741935483871,22.834239130434796,16.900545684812794,103.47999999999999,101.81333333333332,102.25,113.59166666666665,43.866666666666674,47.775,49.458333333333336,19.8,21.375,16.474999999999998,40.64,37.5,42.358333333333334,11.778333333333336,5.5916666666666615,-3.325000000000003,1.7183333333333337,15,113.38333333333333,15.61666666666666,-2.376666666666665,1.0,0.3883968446021852,14.518518518518519,0.6477426940576048,0.7746483055563317,0.2786964657247853,0.41100000000000003,0.5524251829515331,0.7333506908628701,0.9888800148351873,1.5716497823689746,0.5378134873591729,1.0582068048989919,1.7802487787625958,2.7785478263618253,5.196152422706632,1.123926586268253,2.1275467154577417,0.13411346146329683,2.9578969589115447,0.6296296296296297,0.18544452015691212,0.28128858252030164,0.1477466422064027,0.1506694200705604,0.3050638144294612,0.21201227010457935,0.18459863957761072,0.3203736959135071,0.3733251045688963,0.6437811748582964,0.2963191214868015,0.24042063832652416,0.15956240313092454,0.36536904070205084,0.17228024132312933,0.42494839972345977,0.2491552458739851,0.4976768315863124,0.5541441213674476,0.172624904369293
ucla,UCLA,2015,11,2,S16,110.13013615889,96.938310843668,13.19182531522199,0.81264072146667,-0.04903781387526,49.4,48.7,17.5,18.5,33.8,28.1,36.3,32.7,36.3,35.5,67.6,0.19231397731012198,104.8483870967742,32.2,0.5483870967741935,0.11749763643906713,0.19765547847890308,0.2888116464351316,5.034639152695004,10.255107188312317,2.2417016051612904,0.3548387096774194,0.0967741935483871,32.656140350877166,15.696315915950894,109.59,90.86666666666667,100.83333333333333,117.30769230769229,42.78888888888889,45.8,55.05384615384616,18.822222222222223,17.666666666666668,16.307692307692307,29.900000000000002,34.21111111111111,36.95384615384615,26.441025641025618,12.264957264957268,-2.5145299145299163,7.053846153846148,9,87.0,27.528235294117636,30.688235294117632,0.25,0.42338885809558424,16.322580645161292,0.6780664023893176,1.4383899044561523,0.358478508725031,0.44712903225806455,0.5416064177785717,0.9156858705451552,0.8471022812686518,1.0232409761657673,0.450319108048971,1.3474995889639598,2.466816812247149,2.034101952571624,5.567764362830024,1.3397383714438875,2.034190510862431,0.36276433046097495,5.22055317118856,0.45161290322580644,0.21258102870560053,0.36064327997411927,0.18998815184853965,0.23076819029455126,0.3419676356629466,0.23613333523895189,0.2086014808593129,0.38481055423630334,0.5718614169411094,0.47685088471649867,0.3127637879892514,0.21827977598957862,0.13988456741413008,0.3217695698501069,0.18320937808903073,0.3503883162904003,0.33104572597568405,0.8080607204263539,0.47518144138323265,0.18717455197852503
north-carolina-state,NC State,2015,8,2,S16,113.29098915071,97.293576879438,15.997412271271996,0.85202929515254,1.0337359314963,49.6,45.5,16.2,15.4,34.1,30.5,36.1,34.1,36.1,33.2,68.5,0.12493686940981463,107.83548387096774,22.39999999999999,0.4838709677419355,0.1476934965038131,0.16749840299411595,0.27805779897344524,4.57001447022485,8.325069291295174,2.4078923548387094,0.45161290322580644,0.12903225806451613,15.231578947368419,14.2758887639264,104.10999999999999,102.22307692307692,109.12,115.35,49.53846153846153,49.2,51.9625,16.646153846153844,17.049999999999997,15.325,30.069230769230764,36.269999999999996,34.8875,13.126923076923077,2.4240384615384656,-1.3211538461538446,4.818269230769239,13,,8.18999999999997,,,0.310530106000265,16.066666666666666,0.6552037020779741,0.8622844558256982,0.3899179953251756,0.4488333333333333,0.5504272173227625,0.854115032638591,0.8151566213811655,1.2322893383213809,0.5235822029479593,1.0960065933127412,1.3906248340625629,1.8597064488863524,3.256293640914785,1.670643621226566,2.6410225292488514,0.16845044932659722,4.410619149425899,0.7333333333333333,0.2080619013502336,0.33896760376091584,0.18509123947221748,0.16383899298175875,0.45662061933665177,0.24395461650464637,0.22511198961677892,0.2905153270466188,0.4472135954999579,0.5293049188246626,0.3016249205598839,0.22669648342257823,0.1805756134387017,0.36384427991224433,0.15501371455674579,0.4175898802093287,0.2529503410385013,0.6525777688015125,0.3973319451386099,0.22359366130948516
wichita-state,Wichita State,2015,7,2,S16,114.09636188863,91.693355364098,22.403006524532003,0.92510532015453,4.4217788340738,50.7,45.2,15.2,21.6,34.8,27.0,35.4,36.8,35.9,34.4,69.2,0.12368140443437936,112.75172413793102,27.920000000000016,0.41379310344827586,0.12949042441656516,0.14239651842391618,0.3001730596036948,4.547104313238039,6.200181545804549,7.159207406896552,0.3448275862068966,0.0,18.424358974358967,14.23337626847545,110.87,110.86666666666667,107.08571428571427,115.13684210526316,48.73333333333333,49.74285714285714,52.084210526315786,11.166666666666666,17.07142857142857,15.06842105263158,28.633333333333336,36.15714285714286,34.76315789473684,4.270175438596482,3.350877192982459,3.9017543859649138,6.129824561403506,3,111.2,4.375000000000028,3.750000000000014,0.6666666666666666,0.2939213403056763,15.233333333333333,0.7050752350001568,1.1931462121625684,0.3970426003686285,0.4703333333333333,0.5661241061491638,0.8530459491220602,0.8802482604384161,1.1326070959601313,0.48796670560880767,1.077552193992609,1.498298354528788,1.850373659261958,3.051285766293646,1.2548833118908216,1.7638342073763937,0.29218698271894383,4.490727620479055,0.8,0.17773830444267813,0.3607537287575203,0.17544182160187347,0.15153088154320607,0.369827925115007,0.20740296276074485,0.1989431573949778,0.2838609843031809,0.34700933191108985,0.573517650359692,0.3333521922580665,0.2543263989778911,0.17435337935392922,0.4704045541727075,0.145485434274889,0.43766458360535604,0.2862786260070649,0.6712580565528172,0.6189765577064913,0.19579533257610607
oklahoma,Oklahoma,2015,3,2,S16,109.99860917856,87.266412893556,22.732196285004008,0.93476345857817,4.2493229044403,49.4,43.7,17.7,20.2,30.9,31.5,32.7,28.9,34.3,30.9,73.5,0.12663338570192212,105.02333333333333,23.360000000000014,0.5333333333333333,0.15349783830700026,0.16501673856847243,0.3209516628301139,5.690472981977921,8.926616675781837,5.303726666666666,0.36666666666666664,0.03333333333333333,17.636507936507925,12.078152912501881,105.42,102.95294117647059,97.625,112.22222222222223,48.44705882352942,45.074999999999996,54.76666666666667,18.43529411764706,17.575000000000003,16.46666666666667,29.935294117647057,28.5,31.400000000000002,9.26928104575164,6.3196078431372555,-1.9686274509803923,1.4647058823529449,17,93.27499999999999,12.423030303030302,18.811666666666667,0.5,0.3547902019220412,17.366666666666667,0.6417837129665005,1.1737963311431117,0.37893204444330325,0.43926666666666664,0.5666376295886932,0.9767747566681474,1.1193087250727822,1.6236882817719773,0.5006034300423098,1.1046189901915302,1.8436417163660404,1.8251707597641518,3.051285766293646,1.0750011564282111,1.408104619937615,0.30388756950835033,4.695440914219389,0.5666666666666667,0.1911374929720507,0.26830560748120136,0.15266904742253218,0.14355115722920522,0.32049118575513924,0.20586455897228653,0.1734936430779213,0.3084445275160345,0.31298720016383247,0.5428960183048922,0.35082736200865144,0.22324895011453258,0.19240142335597202,0.37380188762818484,0.22186039354063466,0.3220379385242043,0.27164158402835525,0.6853755320887414,0.5358581079417877,0.22919278392944264
north-carolina,UNC,2015,4,2,S16,118.36724563194,91.704310906178,26.662934725762,0.94955263819714,6.3817586452637,51.4,45.3,18.2,17.8,39.9,30.5,34.7,37.6,34.5,29.8,70.1,0.12761139020329018,111.12903225806453,18.099999999999994,0.5483870967741935,0.1358008158690501,0.1520189800362614,0.3376336305139171,6.081761912224882,8.40151188374576,5.2890287741935476,0.3225806451612903,0.06451612903225806,16.133333333333326,16.23933496175259,107.74000000000001,104.92666666666668,120.60000000000001,114.10000000000001,47.88666666666666,56.54285714285714,52.29999999999999,20.08,12.62857142857143,18.755555555555556,40.86666666666667,34.75714285714285,43.511111111111106,9.173333333333332,4.413333333333327,-1.3244444444444419,2.6444444444444386,15,105.88,0.09818181818184257,6.300000000000011,0.8,0.3743429618160658,13.548387096774194,0.5601460114765151,1.099457510857886,0.31796870141477745,0.41551612903225804,0.49397622234015137,1.02347221975752,1.0805406308484256,1.4381719389568945,0.34862116814015304,1.3240042181595475,3.31319675348035,2.394757514694806,5.567764362830025,1.346188152331279,1.9929563467371785,0.22282037320067288,3.327678849743551,0.5806451612903226,0.1571334559571412,0.374731373235403,0.1284102564745075,0.16143162227944188,0.285054068945213,0.19474452955520047,0.1670192552369249,0.2848711010491856,0.39900579567999267,0.5503545374357612,0.3525294102560117,0.2246355072358578,0.1673863189544335,0.40792500720655095,0.1707661484646391,0.45407082830478684,0.31106531384766684,0.5719504645906984,0.6821804103458141,0.20548003960919173
xavier,Xavier,2015,6,2,S16,114.95089182456,96.167532060614,18.78335976394601,0.8861245242849,1.2672365254693,53.0,50.2,18.0,19.2,31.3,27.1,38.1,34.4,34.9,35.0,72.5,0.11605534964726867,110.62580645161293,17.60000000000001,0.41935483870967744,0.13831544929105358,0.15343841755851417,0.30652750076946517,5.582755707562582,6.704267460936621,3.3428858064516134,0.5483870967741935,0.03225806451612903,13.380263157894746,8.221658389076175,104.96999999999998,104.35454545454544,113.79090909090907,114.42222222222222,51.14545454545455,54.93636363636363,56.288888888888884,18.845454545454544,17.69090909090909,18.077777777777776,27.5,34.954545454545446,32.91111111111111,10.067676767676772,5.143434343434336,-0.7676767676767682,5.411111111111111,11,109.63333333333333,10.25,5.491666666666674,0.3333333333333333,0.49362120434563733,11.96774193548387,0.5601953243448619,0.7892930587374972,0.389618593982574,0.6118387096774194,0.5104246871566945,0.7704321020698317,1.0054086780170701,1.4528090240846465,0.501650013668406,1.2536810179844737,1.9531142241082042,2.4158102472108607,4.025778999364487,1.3075141217668873,1.8620466242427964,0.11532198948334366,2.6216865157235696,0.4838709677419355,0.21351912464026226,0.34086107635420576,0.13501741118345278,0.14209737982065584,0.4688341577011726,0.15291161582582238,0.17990105508676896,0.209698353665089,0.4798203904221504,0.7249749630278748,0.2866478546799061,0.24295647478397395,0.19211354255904334,0.3600973879160525,0.23405911910671692,0.3424394476390288,0.29246129580560604,0.6933450142313087,0.4553435091675067,0.16045729176400028
oregon,Oregon,2015,8,1,R32,112.64328276946,99.511222210174,13.132060559286003,0.8061975606496,2.9544841215472,52.1,47.8,17.0,16.8,30.6,31.7,29.5,35.3,36.7,33.3,76.7,0.13167036834820514,109.17,19.78,0.4666666666666667,0.10218573023070603,0.1444658568335232,0.28001984876682073,4.7995402078633065,7.37876944090092,2.8402184,0.5333333333333333,0.0,12.64090909090909,12.299792229500826,112.46,100.7625,102.67777777777776,118.83846153846156,49.2,48.65555555555556,55.684615384615384,18.8,17.822222222222223,15.646153846153847,26.362499999999997,29.200000000000003,35.50769230769232,18.075961538461556,6.484615384615381,-3.1538461538461533,9.14519230769232,8,91.65,4.062222222222232,20.222222222222214,,0.33652822439343044,19.806451612903224,0.6135418972210464,1.0069664201865292,0.3272546296382466,0.43825806451612903,0.5224834988968854,0.863747616773004,1.0421762526389935,1.6911534525287761,0.5425586859448353,1.1423292994441123,1.7236105515264561,2.9868804044443125,5.567764362830026,1.382492568147763,2.466816812247149,0.19787929337041973,4.984246568431408,0.5161290322580645,0.162592648486241,0.2914479699066245,0.1538495712679237,0.15467193297732915,0.3900243975717319,0.23287720195721634,0.22881247105611466,0.33053384154297083,0.43475625275698426,0.5557345921462288,0.3001910466964446,0.2031987909372669,0.15411595951567303,0.370021622092718,0.1441817784041514,0.31632159251374375,0.2572127721822732,0.5669575782277066,0.5665683540658889,0.18652281188816136
georgia-state,Georgia State,2015,14,1,R32,109.12547320055,98.519038518421,10.606434682129006,0.76420227463854,-2.6104035221156,51.9,45.0,16.5,22.8,30.5,34.5,38.4,39.4,31.9,32.6,73.4,0.1424292693256675,109.45333333333333,28.02000000000001,0.43333333333333335,0.17149005024484565,0.1593379556698039,0.2838486339094469,4.603078679898197,6.443207126485807,5.3479375000000005,0.5333333333333333,0.0,16.996825396825386,15.511501109391915,109.7,,97.525,112.54799999999999,,50.0,53.64,,16.725,15.960000000000003,,28.9,30.172000000000004,,,,,1,117.35,10.256249999999994,-2.5999999999999943,,0.40719920429303125,19.70967741935484,0.6676074661683148,1.2771913060231577,0.2843050131465854,0.3892258064516129,0.5289564586188273,0.8947978746716811,0.9464774739659367,1.4321635365493133,0.5175877989875949,1.2676826204934175,1.7905168005978447,1.8648522380935395,3.8708310907779646,1.0866573592793658,1.9110661718118185,0.2741243913058512,6.614955287880516,0.3548387096774194,0.1337900733653568,0.3977835810254931,0.1916290772382709,0.17663590494279047,0.37508845145146064,0.22427567739791482,0.16285443851923118,0.31110514030131703,0.34601354427368297,0.49756591752363,0.3041153462025431,0.1635667392164461,0.22210163071416897,0.313721253180464,0.1359115418751033,0.3777124126457412,0.3200936954839088,0.8673510387990088,0.5557263046854416,0.23447029472360087
iowa,Iowa,2015,7,1,R32,113.09606860562,92.627464125877,20.468604479743007,0.9085449908104,1.9734143280228,47.8,45.1,17.4,19.3,35.8,30.5,39.6,29.2,33.2,32.4,74.5,0.11755445610392846,107.63225806451614,18.599999999999994,0.5161290322580645,0.1252283630062991,0.18670819216983262,0.3190072888084406,5.539407211793019,8.169189666720186,4.861236229354839,0.3870967741935484,0.03225806451612903,18.05714285714285,11.692490467532288,112.21,103.94666666666667,109.13333333333333,111.53846153846153,47.82666666666667,49.699999999999996,49.646153846153844,18.066666666666666,20.666666666666668,15.792307692307695,34.66,38.666666666666664,35.400000000000006,7.5917948717948605,1.8194871794871759,-2.2743589743589716,0.7400000000000091,15,83.39999999999999,-2.13333333333334,26.066666666666663,0.0,0.3765553156495543,15.870967741935484,0.6413249436798538,0.9869777761628307,0.3588183787642414,0.527516129032258,0.5880585293670247,0.9653413430822515,1.1036464235989363,1.3446535630433054,0.4284472597511742,1.1723340734949947,1.7236105515264557,2.348903980859239,5.567764362830022,1.2647342137689086,1.8236594603437408,0.18514537010289553,3.7376965638469715,0.5161290322580645,0.20783273188899876,0.2976809746731255,0.1560386598247189,0.14572188935759547,0.32478114232355904,0.1623899947563748,0.15185319957270652,0.2678880115623679,0.5575767612281523,0.5250770214580598,0.3421048973604405,0.19494158431869257,0.18796738563779583,0.4172665374733509,0.1483318207796179,0.41302183718351443,0.4322551775236489,0.7170741702545549,0.5031503526792567,0.18874818619565709
alabama-birmingham,UAB,2015,14,1,R32,101.84511548678,100.40519047738,1.4399250093999996,0.54084669585981,-7.2367950644164,47.8,47.2,20.4,19.8,34.0,33.1,37.2,34.1,33.2,31.8,73.9,0.14102446538278066,100.84999999999998,19.780000000000015,0.5333333333333333,0.11127408099309882,0.181822647477253,0.21540985615417974,4.4316987739453255,6.269909363079461,-0.6070772333333333,0.6333333333333333,0.13333333333333333,13.286666666666662,10.946765123389952,105.05,85.5,115.51999999999998,101.02,42.92,60.4,45.52499999999999,22.880000000000003,22.159999999999997,19.6,29.46,36.86,34.71499999999999,15.519999999999996,2.6049999999999898,-3.280000000000001,5.254999999999988,5,84.0,10.37727272727274,22.950000000000003,0.0,0.40315071419911386,12.935483870967742,0.6242724627131879,0.7941179353220136,0.3475877327298113,0.3928709677419355,0.5196015205649126,0.6478101890151302,1.0869140019660029,1.6003926946438087,0.3258253658774004,1.116483795272469,2.187346053696281,2.0008891259396813,5.4772255750516585,1.2516254846381218,2.175469298028971,0.11761535398850549,1.892875595791292,0.6451612903225806,0.14869046378605283,0.3741247511383103,0.1486377841018608,0.17220635063175466,0.31524621454699725,0.20344625210742145,0.1748154887778992,0.27507422620138167,0.41889342094762905,0.4526426766788018,0.23180159284616692,0.2565135563864324,0.1826056807067159,0.32175387894548785,0.16274279101635056,0.2543236197866701,0.3365335191181031,0.7597575149226768,0.5055456474859499,0.14946799110293196
arkansas,Arkansas,2015,5,1,R32,113.32695455196,96.995130030074,16.331824521886006,0.85687665062976,3.8034494126845,50.2,48.6,16.6,22.6,35.6,34.2,37.3,38.5,35.0,35.3,72.4,0.10713515001681037,110.39354838709677,18.700000000000003,0.5161290322580645,0.1549741188381855,0.13271191097124882,0.28675723421473337,4.725019201189864,7.5558102648088905,3.3604585161290323,0.41935483870967744,0.06451612903225806,10.085119047619045,12.722722454988423,107.01000000000002,103.71666666666668,111.85,112.09333333333332,49.300000000000004,51.43000000000001,50.839999999999996,18.200000000000003,16.85,15.54,31.3,36.82,34.98666666666667,8.376666666666637,1.539999999999992,-2.6600000000000037,3.686666666666671,6,,8.745614035087726,,,0.3080962541146666,17.838709677419356,0.5766534611768686,0.7502555750218,0.23193799004266735,0.5603225806451613,0.5202229438297798,0.6969073107102522,0.9508999307445487,1.4107967777125916,0.4373840080839996,1.0767925599207808,1.5893161818612196,1.6551952086844532,3.1055505863605646,1.202048236222709,1.3987295823154826,0.1446540193083349,4.6268472279243795,0.6129032258064516,0.11169918263635323,0.2923764389039583,0.09575749956679062,0.15293930745410922,0.383443831105796,0.25734055118592464,0.24263955885031832,0.28443685100733296,0.4293891009329417,0.5213705582772643,0.27205200061221224,0.23655026221940645,0.19822766084119164,0.4120769130741584,0.14465892814384212,0.3803469943793834,0.29037877214033797,0.689287152197524,0.44666116771394593,0.20074069678886083
georgetown,Georgetown,2015,4,1,R32,111.4826319114,93.182956293837,18.29967561756301,0.88715412261178,3.6016978340591,50.9,46.6,19.2,20.6,34.3,31.3,44.1,43.9,34.7,35.9,70.2,0.1334920743348475,107.84827586206896,24.040000000000006,0.5862068965517241,0.11793483189316784,0.15929811304512806,0.22629359515636147,4.412725105549049,7.308802651400553,2.8533312965517243,0.5172413793103449,0.06896551724137931,21.578333333333333,14.054279696155822,103.65,98.77333333333334,116.16666666666669,118.625,47.99333333333333,57.15,54.0,20.666666666666668,17.833333333333336,18.5625,31.033333333333335,29.483333333333334,42.75,19.85166666666666,6.006666666666668,-2.104166666666668,11.716666666666665,15,103.77499999999999,5.677083333333343,6.768750000000011,0.5,0.44404385805412205,16.035714285714285,0.6565106795204985,0.8614310721488354,0.3497765904427413,0.40225000000000005,0.5123434187626873,0.7042103567116555,1.0883711220977401,1.5645852246978618,0.5002979579386575,1.1954842122864602,1.6488632447841154,1.528864273214218,2.1841177556098867,1.2377438620468342,2.1438241865547516,0.17024208535253232,3.4673118203293605,0.5714285714285714,0.14772458111715614,0.33263733633707254,0.145429349695989,0.15712325280882133,0.4412640289583737,0.20706203634786235,0.20651377649809005,0.2992042228979663,0.36160298944137365,0.5244244368175875,0.23257075407874853,0.18183655392479026,0.1648374565081818,0.3469886055797056,0.1524647685794449,0.44708587213725753,0.2582977048360696,0.5303032422964123,0.44100392268517763,0.18544581917282296
san-diego-state,San Diego State,2015,8,1,R32,102.47281994788,86.879425993672,15.593393954207995,0.86970783066722,1.5114477355171,46.7,42.7,18.6,21.5,35.9,30.2,36.2,26.7,32.1,30.6,63.0,0.15279684350852737,100.48666666666668,26.840000000000003,0.4666666666666667,0.18394523423469247,0.21864394817511176,0.2679164162720223,5.152925739631896,7.216770545949294,4.634759033333333,0.36666666666666664,0.03333333333333333,15.05714285714285,13.481184418786558,103.33,91.51666666666667,105.95,101.65555555555557,42.550000000000004,50.21666666666667,47.400000000000006,20.416666666666668,16.599999999999998,19.716666666666665,36.63333333333333,32.35,37.47777777777778,10.1388888888889,4.850000000000001,-0.7000000000000028,0.8444444444444485,6,109.69999999999999,-6.597727272727269,-12.924999999999997,0.6666666666666666,0.4556647120006715,11.129032258064516,0.6670985811542843,1.052523313749935,0.4462891244947948,0.40480645161290335,0.605515380812129,0.8061063369632092,1.0598157489332318,1.2725282692479998,0.5890962058282724,1.2086234058514687,2.178387102966406,1.894026708238244,3.051285766293646,1.2707954096880716,1.9531142241082038,0.18286869933215136,2.5526618401511603,0.5806451612903226,0.22550988331438207,0.4055074131021437,0.14011364509865132,0.18072256101139333,0.34428963405595564,0.20987235777639396,0.15193967538643904,0.39775614165797807,0.45104971500583474,0.4560244876465883,0.2834923581637546,0.21278226925990468,0.22893264973759112,0.445344731107103,0.21157938317471833,0.4318058587322033,0.33825718631972396,0.6617224009129478,0.5133622234532444,0.18394563003958087
kansas,Kansas,2015,2,1,R32,113.26192444595,91.006533884416,22.255390561534,0.92524725644296,8.7402985452432,49.3,44.4,19.1,17.5,34.9,31.8,43.0,33.6,37.5,30.9,72.0,0.15103140653485753,107.55806451612905,25.299999999999997,0.41935483870967744,0.09087919269644593,0.18733847713725296,0.28599649078207223,5.322302436521854,7.251225006614271,2.9901720645161287,0.45161290322580644,0.06451612903225806,19.523809523809504,9.795061113756372,106.18999999999998,102.6421052631579,103.2,124.01428571428572,47.284210526315796,46.980000000000004,57.55714285714286,18.652631578947368,18.46,18.6,32.142105263157895,37.7,41.542857142857144,21.372180451127818,10.27293233082706,-0.052631578947366364,9.40075187969925,19,102.57500000000002,10.25681818181819,9.899999999999977,0.75,0.4525867267796629,14.166666666666666,0.6964643216773123,0.9819171210801304,0.42439687213500116,0.47,0.6514480040668716,1.0658317741279235,1.0023545237204272,1.2891805016333475,0.42563495804547724,1.186793264530279,1.7832769354064135,1.7795322692886357,2.64102252924885,1.1961351191589864,2.2742941307367106,0.2246786608980703,3.3466467438738134,0.6333333333333333,0.22073501153361452,0.38766221761932845,0.14703026395967358,0.16323318197250716,0.33656741484013303,0.1626179866153045,0.1437700676346279,0.3771920141769766,0.3899972224846361,0.4807883636346823,0.30312707039965703,0.21024066853640191,0.1241899781755171,0.2713192974599995,0.17387465118077705,0.43542730964514237,0.27321717154336916,0.5405871025888838,0.7476374709260196,0.1557996505575459
ohio-state,Ohio State,2015,10,1,R32,114.15321309006,92.821633335561,21.331579754499003,0.91520492866605,2.3952406860513,54.5,46.6,17.0,22.1,34.1,31.4,34.8,27.4,37.2,31.8,67.8,0.14812753851145055,114.22580645161287,32.900000000000006,0.3870967741935484,0.11265264980913153,0.20333207270903242,0.2780105377506959,4.692100430682713,10.296844238785573,5.5398112903225805,0.2903225806451613,0.0967741935483871,25.79141414141411,14.17705893336132,105.57000000000001,103.17857142857143,108.0,128.03846153846155,47.79285714285715,56.849999999999994,62.26153846153846,16.514285714285712,19.175,16.56153846153846,31.99285714285714,23.424999999999997,37.94615384615384,24.859890109890117,14.468681318681305,0.04725274725274886,5.953296703296701,14,,18.30499999999998,,,0.3383431315266972,19.225806451612904,0.6502093845645531,1.0400192821679475,0.33306574201836103,0.4662903225806451,0.49213912789822456,0.7759543270113557,1.1015774191069398,2.0858497622717773,0.49242147686436816,1.282636908517115,2.466816812247149,1.9319767950654674,3.870831090777965,1.1408396783078534,1.780248778762596,0.2418584053687776,4.3118158682733725,0.5806451612903226,0.21774225835562214,0.3131497763927493,0.1757505309137316,0.18918716152740367,0.37936294181922087,0.2657332416891905,0.22289593207936978,0.3592961122835178,0.39116154980424506,0.46707778401613076,0.29187552078280504,0.2983727364126465,0.14184494845032494,0.2774684904546764,0.17372502966265035,0.44204386756480446,0.2824388357242115,0.8592369243273629,0.4572826235984665,0.18026600011903035
villanova,Villanova,2015,1,1,R32,120.66418919929,91.354265594361,29.30992360492901,0.96083667685262,11.22742574069,55.3,45.5,16.6,21.7,32.7,31.1,42.4,30.3,38.9,30.8,72.7,0.13567866900766742,116.66129032258064,27.099999999999994,0.5483870967741935,0.1301955665664405,0.14428035999489167,0.3584250413840145,5.870077210021424,7.238864336747196,6.165869161290323,0.3870967741935484,0.03225806451612903,31.27931034482758,15.722227718884001,123.02000000000001,117.77857142857144,114.27142857142857,116.76999999999998,56.62142857142857,52.21428571428572,55.23,17.692857142857143,15.971428571428572,14.820000000000002,32.65714285714286,31.785714285714285,33.47,-1.0085714285714573,-1.3914285714285697,-2.872857142857141,0.8128571428571405,14,110.15,5.16761363636364,9.581249999999997,1.0,0.4506845606422397,14.166666666666666,0.5558985799468249,0.6561935690023182,0.3497936716683037,0.434,0.4770783095395798,0.6503249074897792,0.7423022447853799,0.8363153211465967,0.4263919540332244,1.283698838823347,2.175469298028971,2.326504776208192,5.567764362830026,1.1195181689114695,1.821228274539888,0.08488348127278392,2.443919405779081,0.5666666666666667,0.1865406504066155,0.2658775361768629,0.15209838493935887,0.13725314328264818,0.41028732984794203,0.1608062170930661,0.16903558380714975,0.2961796477868348,0.3301006440241903,0.4074244306207798,0.3772565993861182,0.24158254836933488,0.16050342624149522,0.341560779567652,0.2035118450914282,0.34398108898917096,0.2990846473785939,0.6131728753212478,0.7411611406390229,0.16240580825504677
virginia,Virginia,2015,2,1,R32,113.21490606696,83.330010219417,29.884895847542992,0.97137715060347,9.9215414427223,51.2,41.7,16.1,18.1,34.0,24.3,34.2,27.9,36.1,30.3,72.3,0.13023550781722926,111.34666666666666,24.840000000000003,0.5333333333333333,0.17208287458557162,0.17088412089386695,0.40912843128460963,6.391949858103218,6.630940096930282,6.4743585,0.4666666666666667,0.0,6.26428571428572,12.265597779516858,103.84,113.00999999999999,110.15555555555555,110.80909090909091,53.339999999999996,51.34444444444444,50.09090909090909,15.74,13.822222222222223,16.990909090909096,33.3,30.43333333333333,38.28181818181818,-2.2009090909090787,-3.249090909090903,1.2509090909090954,4.981818181818184,10,94.45,3.2291666666666714,19.487499999999997,,0.33022475790924616,13.666666666666666,0.6017165918257186,0.9736205178920491,0.3419994546060235,0.44016666666666665,0.5528070083160057,0.9348624904542253,0.934373839791883,1.1721737620360495,0.4458373059440998,1.4792400329410706,3.1387659759612303,1.5527975192807846,2.5442512229955376,1.2702553856692078,1.7832769354064135,0.24572987131415816,3.905973000476115,0.7333333333333333,0.15323596092001537,0.4073374406511819,0.13761185535279014,0.16340488729804892,0.3637025750856813,0.18187936045807418,0.17878593868947112,0.25226310506097377,0.47396834003565574,0.5876648890325499,0.4165540477440618,0.33185928626840744,0.2601653718501138,0.4066604859547357,0.2494290175939395,0.4266954013312557,0.2916114442296357,0.7883013264380915,0.528165772356975,0.23652791438458118
butler,Butler,2015,6,1,R32,108.49960206296,89.650400266163,18.84920179679699,0.89975737680571,3.3598389067492,49.1,46.9,17.4,19.3,35.5,24.9,40.5,33.3,35.8,30.6,68.0,0.1468040091239637,107.11935483870967,24.69999999999999,0.45161290322580644,0.10258849780364672,0.2124250147837074,0.29754668931481704,5.157156005446812,7.040797170427138,3.8027547741935486,0.5483870967741935,0.06451612903225806,21.899494949494937,14.917983182126939,107.41999999999999,99.73571428571428,111.30000000000001,114.23636363636363,44.59285714285714,48.0,57.39090909090908,17.4,12.700000000000001,19.772727272727273,34.3,37.96666666666667,35.60909090909092,14.500649350649354,12.798051948051942,2.372727272727275,1.3090909090909193,14,91.75,12.358522727272714,22.681250000000006,0.5,0.3211192162244172,16.64516129032258,0.6840864528308574,1.2389625289524084,0.298275527572349,0.45264516129032256,0.5768254007770048,0.9983291764791934,1.0910124637536642,1.5992583280743087,0.46258632650525866,1.1429573567585307,1.8237962445452498,2.889440915388141,5.567764362830025,1.460963579284348,2.3180451534284945,0.3262299593020069,4.550660124279387,0.6129032258064516,0.25493044031981377,0.30687839570336173,0.1785120028415934,0.17341196353141988,0.42479973025855877,0.16600854156619138,0.15825528166980066,0.4199727869601617,0.4734114731175787,0.5923031700636843,0.304203341690051,0.20536972764124609,0.16632141971363323,0.29865626930372446,0.17157151275574592,0.45237293485502544,0.34125901088659594,0.7026823824676622,0.6622834913964282,0.1233083913454362
northern-iowa,Northern Iowa,2015,5,1,R32,114.04885543733,92.156765974723,21.892089462607004,0.92063906306969,5.562426197232,56.2,45.1,18.0,19.3,26.9,26.9,40.2,26.7,39.7,31.6,72.6,0.12493337228500533,111.72,21.36,0.43333333333333335,0.12630141779889573,0.15871427969822888,0.2340528612276378,4.356503923650432,5.302079469378991,6.907487733333332,0.3333333333333333,0.0,11.577777777777769,16.006040526417937,115.5,108.0,112.02499999999999,112.3409090909091,58.224999999999994,54.97500000000001,57.36818181818182,18.049999999999997,18.174999999999997,18.795454545454547,17.325,29.675,26.109090909090913,4.3409090909090935,-0.856818181818177,0.7454545454545496,8.784090909090914,4,110.33333333333333,4.768333333333317,3.6599999999999966,1.0,0.3608954531765567,15.6,0.7071288199408003,0.8658063137378792,0.2559113293640615,0.6347666666666666,0.624361433306964,0.8213016568362982,1.1168183531579166,2.224859546128699,0.4956091266332857,1.5923570225321841,3.2562936409147865,2.6716533448000255,5.47722557505166,1.532607872387906,3.0512857662936463,0.14743974432638884,3.237797605369016,0.5666666666666667,0.18726653614221436,0.2501592712205015,0.14046545373501984,0.13449565158099083,0.5912930498809134,0.14793856399577765,0.1781461939612099,0.29943810739074705,0.4780494101514995,0.7527768823986286,0.2666846258320349,0.2758442570482128,0.2168750920109762,0.2835526031275997,0.22859236799778046,0.5167469452172956,0.27602186907776605,0.6709631665607478,0.425094146349489,0.1725873966606904
maryland,Maryland,2015,4,1,R32,109.86635023406,93.858621858278,16.007728375781994,0.85947816350842,6.8275842864871,50.9,45.4,18.4,17.3,29.2,30.4,44.5,27.9,37.2,31.2,75.7,0.1077783737627899,106.37741935483871,14.5,0.5806451612903226,0.12772038594686444,0.14134884773120907,0.2426781828892501,4.401869104471785,7.352841136682589,2.7798132161290328,0.4838709677419355,0.03225806451612903,13.11230769230771,10.340449162821162,101.34,102.38461538461537,106.075,110.17142857142858,49.284615384615385,52.025,52.5,17.276923076923076,20.075,18.385714285714283,24.60769230769231,29.025,31.03571428571428,7.786813186813205,3.2153846153846146,1.1087912087912066,6.42802197802197,13,114.25,12.385263157894741,-4.14473684210526,,0.4020424521531691,16.129032258064516,0.6346994883550988,1.0225970290832742,0.4887269104690005,0.43832258064516133,0.6112467199124719,0.9103768484249364,0.8983157378606215,1.3342830042766813,0.41257364643075334,1.6349931243150295,2.839463231022586,2.0661744335650223,3.870831090777965,1.5323654599625356,2.4814961473376687,0.2302327079040473,4.9407855496486395,0.5483870967741935,0.1834671424566447,0.2612339963441431,0.13638207666809016,0.13470302353552183,0.4178400145722975,0.228501550282098,0.21641462622524718,0.23833445324253635,0.5606508798253492,0.5683699967788228,0.3054999178199498,0.23470952907001988,0.148918754460037,0.39812942343117336,0.215558441984424,0.4373762646863185,0.3001591710554913,0.5773502691896257,0.30368943507224583,0.23429072289485883
cincinnati,Cincinnati,2015,8,1,R32,106.38031746119,92.476598409884,13.903719051305998,0.83351506319806,-1.1628920632836,50.4,44.5,21.3,20.3,37.3,31.7,37.8,25.4,33.3,32.9,67.4,0.15968721328147423,104.06451612903226,37.3,0.5161290322580645,0.12215743619891249,0.18280158113928943,0.2657983943639773,5.645214930620731,7.132167922193998,3.5463029354838707,0.5161290322580645,0.03225806451612903,23.54444444444445,13.386826028267908,107.03999999999999,98.04,104.07499999999999,105.73333333333333,51.2,50.925,50.77777777777778,23.659999999999997,23.0,19.783333333333328,36.58,38.95,36.922222222222224,7.693333333333328,-0.4222222222222243,-3.8766666666666687,0.342222222222226,5,113.14999999999999,7.896969696969705,-6.716666666666669,,0.4479583313955291,10.0,0.6387526500853231,0.9785393691098471,0.36954531312812877,0.5648387096774193,0.5664250821991001,0.9271362140079814,0.9807562128029101,1.2794229468487253,0.4813191304740406,1.2704709992953551,2.4668168122471488,2.0311300941813295,3.870831090777965,1.5257130838894848,3.870831090777965,0.17454954609242165,2.022791411305784,0.7741935483870968,0.1797197554729926,0.4922143644406782,0.1824221025076218,0.1665838290059382,0.29634601155051776,0.19051175055931796,0.16500411977986432,0.28748814872206213,0.3928015054482935,0.4610103742512129,0.2748747108552711,0.2575751664833441,0.14309181998402895,0.3916931046783622,0.23095029845901274,0.32983620247766676,0.37584602559965985,0.754453157812792,0.4884259520707055,0.17832926321358686
dayton,Dayton,2015,11,1,R32,106.53051615799,94.823912819403,11.706603338586987,0.79227827627781,0.90282454748979,52.8,47.3,17.8,21.1,24.2,28.0,48.6,31.1,35.1,31.8,68.3,0.1328079055346045,105.94333333333334,22.959999999999994,0.5,0.1014852376510328,0.1716589854813813,0.21737040820547493,3.9264341402182295,6.239335771701278,2.9860446666666665,0.5,0.03333333333333333,15.727329192546577,16.13321280946717,105.85,92.40000000000002,103.35,109.1736842105263,48.166666666666664,50.337500000000006,55.71052631578947,20.599999999999998,17.9875,17.694736842105264,22.03333333333333,22.825,24.099999999999998,16.773684210526284,7.543859649122808,-2.9052631578947334,2.0666666666666664,3,93.09999999999998,12.4375,19.33750000000002,0.6666666666666666,0.34499739553478953,16.633333333333333,0.5663816372206191,1.056969214048708,0.386679967395839,0.4596333333333333,0.5067633463303142,0.7975601508539509,1.084966035156485,1.549193338482967,0.4591101126001853,1.9744667856646902,3.8056219755369374,2.1112093398072447,3.0512857662936455,1.1658684559583887,1.8236594603437413,0.23823794114001268,3.9734251578720015,0.4666666666666667,0.16482446221178987,0.34296203612591597,0.15087626996367592,0.1560464586052925,0.38286852177402836,0.19962156040171464,0.17931934240979666,0.3103796237706489,0.40888767737163983,0.559564966394291,0.20768552586020897,0.21168860117783875,0.16693977965860168,0.40507262574208425,0.22491030152398336,0.4330387070226932,0.2881922469661815,0.579221864532887,0.41844705019627804,0.1732532093285794
providence,Providence,2015,6,0,R64,111.78568254711,94.035010888099,17.750671659011005,0.87958834554861,3.5524583135474,48.6,48.1,17.9,19.7,35.3,29.5,41.6,38.5,31.0,33.3,71.0,0.12598871419923907,106.18387096774194,23.30000000000001,0.45161290322580644,0.10989527104475798,0.1572373010369615,0.2694285371160707,4.816686944184723,6.889061577431389,2.464385141935483,0.5483870967741935,0.03225806451612903,15.180952380952391,9.479474903413399,106.34,100.55384615384615,108.75999999999999,112.11250000000001,47.91538461538461,50.15,50.1875,18.853846153846153,17.439999999999998,16.8375,30.42307692307692,34.24,39.525,11.55865384615386,2.2721153846153896,-2.016346153846154,9.101923076923079,13,119.0,2.5631016042780885,-13.182352941176461,1.0,0.37845786651954705,20.06451612903226,0.7064833722380309,0.9945749955476998,0.32095271000464315,0.44448387096774195,0.5908487768843126,0.9512281002816063,1.4021299912573906,3.0989033545433906,0.4669148358847095,1.280307101454797,2.481496147337669,1.9918558146034337,3.8708310907779646,1.41728402889676,2.202348777113748,0.25358429038169594,5.8718858780849414,0.5806451612903226,0.16917200172078864,0.38919323595689365,0.13849713561251606,0.13733630434910618,0.438721059901823,0.18573965417474153,0.204238964000682,0.2640260672422309,0.43133256135654147,0.5019099067935013,0.23989848093725355,0.18875268929533262,0.14668879372323354,0.31496599820524024,0.18361086408418129,0.3942126911114524,0.24986651056874562,0.6831300510639733,0.33181358564088675,0.16094587788033257
georgia,Georgia,2015,10,0,R64,107.84840486122,93.152188972586,14.696215888634,0.8435203213818,1.5246724621768,48.9,44.2,19.3,16.8,32.3,28.9,47.8,34.3,34.4,31.0,68.9,0.11299463274129662,103.37999999999997,14.679999999999993,0.5,0.12815833236199028,0.17916129475026185,0.2993122595037821,5.835591352792073,7.292158831114439,2.3912262933333333,0.43333333333333335,0.03333333333333333,7.545000000000016,5.799961685697201,100.38000000000001,102.93333333333334,99.29999999999998,108.44545454545455,51.46666666666667,46.276923076923076,53.13636363636363,21.28333333333333,19.323076923076922,18.72727272727273,33.36666666666667,30.75384615384615,31.163636363636364,5.512121212121215,1.6696969696969646,-2.5560606060606013,-2.203030303030303,6,101.15,3.816666666666663,4.0249999999999915,,0.4000678847079386,12.214285714285714,0.5874390129172368,0.9476070829586857,0.37254073284335265,0.4723214285714286,0.4903426990657449,0.7099586085112041,1.0499430078592484,1.3944029157524322,0.4636925387975166,1.028221218643541,1.326561579799445,1.9814799867880497,3.1980741972988316,1.2886341164770596,1.8708286933869713,0.18714669812568352,3.3617570498484044,0.8214285714285714,0.18392558507919676,0.4091295044106122,0.1411698769990882,0.1392777803754125,0.4591895378466712,0.17790556962650456,0.19894160484759968,0.23860682579237022,0.45851855809884245,0.5318828504879709,0.31096432928437845,0.19360919291220793,0.1734688204194899,0.29671995035761767,0.15960293029500308,0.3649187311424095,0.32620689223798216,0.4993333776435792,0.4054461788216973,0.15854674342559638
coastal-carolina,Coastal Carolina,2015,16,0,R64,104.18261444879,102.78490896805,1.397705480740001,0.53875394949539,-4.8347844771372,49.9,47.1,17.8,17.0,35.2,27.6,39.6,35.6,35.4,33.5,70.3,0.12744599531158454,109.0230769230769,14.300000000000011,0.3076923076923077,0.12401676624944406,0.16491201006183953,0.27838194162101015,4.912370569835364,6.6217708899777445,1.9694028615384616,0.4230769230769231,0.038461538461538464,11.16601307189542,18.022270173932643,110.7,,,109.28749999999998,,,49.583333333333336,,,17.366666666666667,,,35.666666666666664,,,,,1,103.9,13.251428571428562,13.279999999999987,,0.36369831533697383,12.966666666666667,0.5251662397364435,0.7783282784859542,0.2554544096686519,0.4418333333333333,0.4656360219138812,0.6150043963457544,0.8930847510898712,1.1528395817120525,0.4579323835540832,1.183246615748843,1.6421127351664293,2.365155583493929,4.025778999364487,1.2667915505421246,1.9925456319086137,0.14676747329226036,3.1159941815308807,0.7666666666666667,0.11677716326660681,0.34009945008615444,0.1507405773957793,0.12287652689923229,0.3990481079556025,0.20019967982142628,0.22526049786309513,0.27727285354778547,0.4313882581207691,0.5782266501834832,0.27678698652152345,0.2566466034185846,0.23018888800204826,0.2920030078479594,0.17839598115243002,0.4883646991223728,0.3002847700004342,0.746797054732457,0.5751993638856467,0.19539004214023156
albany-ny,Albany (NY),2015,14,0,R64,104.72140013143,102.12071896231,2.6006811691200085,0.57180036118889,-2.9925582420185,50.1,49.6,19.0,20.3,32.5,25.5,39.9,30.4,36.0,36.5,76.1,0.14262402605552227,106.84482758620688,29.200000000000003,0.4827586206896552,0.14629617610030216,0.15214158810423214,0.25873844517911565,4.964209341298618,6.454352407471132,3.2937772068965514,0.41379310344827586,0.034482758620689655,19.913095238095238,14.29452498142014,108.03,,,108.24230769230768,,,51.14230769230768,,,18.965384615384615,,,32.511538461538464,,,,,1,,7.969607843137254,,,0.30693820406055283,14.310344827586206,0.6379292432264382,1.0405511320950231,0.3187126385051585,0.5512758620689655,0.5249299581820945,0.7120058864904742,1.095147610258984,2.645751311064591,0.5013871124478376,1.1970826876140919,2.089976076418101,2.7539996504030038,3.739270364274675,1.3650811347594969,2.1841177556098863,0.28479761671497794,4.422329547006823,0.7586206896551724,0.15199315265446614,0.3262248632036829,0.21954269931930284,0.13195056542489794,0.3582686950505098,0.18653471125418314,0.175388736542789,0.3874105870842793,0.4016233620417126,0.7777918810017278,0.2892908015099667,0.242202883821716,0.14905730151335597,0.33214228733289397,0.18827261340089044,0.5469688217239734,0.26653341709336625,0.7620730858173739,0.7360505978118937,0.18867270491200383
oklahoma-state,Oklahoma State,2015,9,0,R64,109.71459612076,94.782864907861,14.93173121289901,0.84321920820277,0.045357881339743,50.1,46.0,18.6,21.2,26.9,33.1,39.7,42.4,34.6,34.3,73.1,0.13154604486951313,104.09310344827585,20.480000000000018,0.5172413793103449,0.1279819250971022,0.1569543866466445,0.2642703369757945,4.943677855495467,6.7926060752965345,1.158540857142857,0.4482758620689655,0.034482758620689655,17.24607843137258,12.767584823380743,105.72999999999999,101.52666666666666,99.15000000000002,112.6125,49.733333333333334,50.31666666666666,53.975,18.32,19.5,18.8375,25.893333333333334,22.016666666666666,32.425000000000004,11.08583333333334,4.241666666666667,0.5174999999999983,6.53166666666667,15,107.7,13.712499999999991,1.7124999999999915,,0.21076291561817712,16.79310344827586,0.828274455316965,1.8334424209969375,0.27542352925718155,0.47134482758620694,0.631432517894544,1.1781784738351644,1.278245098321819,2.5962936545662045,0.44380577767532575,1.6616976407866655,3.0512857662936463,2.512285637980278,5.47722557505166,1.4461683245114654,2.94142822451951,0.4971630331011144,5.119081582728036,0.8620689655172413,0.1807194748219312,0.3288895438933544,0.13442648489168782,0.14846335456065293,0.5108325321587869,0.26978319942434087,0.29468380399895827,0.36270197235395873,0.4063132891825719,0.5150369277566355,0.2761049102070426,0.22641828621809762,0.1668964181379966,0.375955541063611,0.1408305638954378,0.3658582706405535,0.2504769428016647,0.8922659598765706,0.573717434376205,0.1880695963984476
wofford,Wofford,2015,12,0,R64,102.47567316771,97.181335710561,5.294337457148998,0.64794941594563,0.47114391920363,51.6,46.9,17.3,20.1,29.3,27.7,38.0,36.5,37.1,30.8,69.0,0.1543882709871048,105.26206896551727,27.640000000000015,0.4827586206896552,0.14008144112235035,0.17169935265304548,0.3544007561713987,6.066363288395942,7.058146227615225,2.0058324137931036,0.4482758620689655,0.06896551724137931,17.8985507246377,17.064482282083905,107.10999999999999,,,108.432,,,52.388000000000005,,,15.803999999999998,,,29.128,,,,,2,105.35,8.960000000000008,4.88333333333334,,0.4646350463728232,14.96774193548387,0.5510891312765002,0.7798320761940637,0.3216620834186615,0.38735483870967746,0.49106671824559367,0.6492265748728463,0.6858866281782307,0.8374077181819019,0.456964620271493,1.2514223627960432,2.1841177556098867,3.248851697964496,5.567764362830023,1.259221710074644,1.6394271467618042,0.13741201058904495,3.6979495608941164,0.5806451612903226,0.20477204784363384,0.29252756447679495,0.19844363941066753,0.16476608396773645,0.42832897318498375,0.20488459400197392,0.18425553849472784,0.24713574899510704,0.3138405742034894,0.7494404886905557,0.3946795850062731,0.23020569067979166,0.18572905034336623,0.40431403861177817,0.20943751281317927,0.4922706404822717,0.21584642015958078,0.7190827490629991,0.5834161274388864,0.22177317874846575
texas,Texas,2015,11,0,R64,110.61261955301,91.386968055925,19.22565149708501,0.89986359737477,0.77376868017042,49.4,42.2,20.0,14.2,38.0,29.0,36.9,34.2,33.9,34.8,72.4,0.13436038566960049,105.93870967741935,13.799999999999997,0.41935483870967744,0.14640354604137723,0.18140819946362677,0.2777452980152211,5.566553343769577,8.804532831004774,3.1493229641935483,0.45161290322580644,0.0967741935483871,12.803070175438606,5.597628466095658,104.03,100.01875,102.77499999999999,115.7,47.349999999999994,49.6,53.118181818181824,20.075000000000003,17.775,20.81818181818182,33.88125,28.525000000000002,44.69090909090908,15.681250000000006,5.76818181818183,0.7431818181818173,10.80965909090908,16,103.65,9.60252525252524,6.088888888888874,,0.4581212081123445,13.095238095238095,0.6272706605604297,0.9864509785633339,0.442828892140939,0.42609523809523814,0.5195419421943247,0.6044898063028107,1.0599853707815425,1.7035217812967347,0.412683602411912,1.106435083363547,1.5476797149281243,1.817964525222452,3.158322339470751,1.6126486500746686,2.481496147337669,0.1472807538293191,2.437531444294598,0.5714285714285714,0.18733158268568043,0.2767525841044038,0.16355575437700023,0.1740829109328618,0.4243414214280242,0.19861158249113256,0.1689121429174405,0.3399894616541501,0.5318857316354614,0.42290361471198373,0.28789593171743866,0.3338726268578761,0.22675691239425716,0.38773799993077346,0.2233122250965045,0.3709123214623525,0.3465776408401651,0.7092161573669697,0.47483266588165485,0.21181893690198844
harvard,Harvard,2015,13,0,R64,100.94114180079,93.932521321788,7.008620479002005,0.69583677926873,-1.0826761192583,47.3,46.1,18.7,19.9,32.3,27.8,39.0,33.1,34.1,33.4,71.5,0.18786958988585659,101.66153846153847,27.5,0.6538461538461539,0.13397710445807762,0.21317111676550352,0.3103605346805363,5.80612938725434,7.718072578313359,2.5441138461538464,0.5384615384615384,0.038461538461538464,31.79248120300751,16.75630561244864,107.24000000000001,,82.375,108.0095238095238,,38.625,50.58571428571428,,21.0,18.35714285714286,,28.15,33.37619047619047,,,,,1,,13.94679487179485,,,0.40639365635871455,16.310344827586206,0.6380217169534795,0.9248794237602227,0.36650791871919225,0.46137931034482754,0.517431785939894,0.7399498154515294,1.1776223338461986,2.8284271247461903,0.49419479075574974,1.2132732490047062,1.9925456319086128,2.3178279663424894,5.385164807134506,1.3934499692155728,2.575833968818766,0.19189578629458573,3.9064478863316427,0.5517241379310345,0.2316190500662883,0.32529103982235613,0.17532939318579463,0.19396540931738998,0.3833276940118298,0.20396759940824213,0.19565432150154888,0.3482644497851123,0.41355320532999185,0.5754704697188707,0.3587830129017705,0.21085484365448176,0.18986651055859893,0.2768196357784393,0.21254149355252433,0.36968828052572544,0.2715075998661938,0.7893069348923174,0.49105655678562504,0.209829350475733
north-dakota-state,North Dakota State,2015,15,0,R64,100.50313791342,100.85912043935,-0.3559825259299884,0.48983613064291,-3.6930551924779,49.2,47.8,15.9,16.6,26.5,23.4,36.2,30.0,37.8,36.4,69.4,0.13589581524037253,104.4888888888889,23.33999999999999,0.5185185185185185,0.13415254179669922,0.17131743726280352,0.3051389185483085,4.834756642776532,8.762354846928517,0.5202156666666666,0.48148148148148145,0.18518518518518517,16.5,10.793722455411038,107.5,,,107.49583333333332,,,51.84583333333333,,,15.720833333333333,,,27.191666666666666,,,,,2,103.375,7.5676923076922975,5.584999999999994,0.75,0.32986534934048617,19.06896551724138,0.6603530201887027,1.348399724926484,0.2972666906840726,0.4309655172413793,0.5297916693805285,0.8389588786108649,1.025614651278046,1.7309896852638893,0.4808819356078091,1.5719026558627365,3.4641016151377544,2.1059670806202946,3.7392703642746734,1.3248168680460353,1.8567962482976712,0.28338733982458353,4.8226720322446175,0.6206896551724138,0.2245570446904961,0.29896281133484326,0.18428952298875464,0.11995518871073178,0.41132005690228346,0.16914282509350567,0.159160080203343,0.29348714974543033,0.4784682928403778,0.581630470287485,0.3586773000673283,0.25748912898020715,0.19013580196118415,0.34507231350058193,0.2133846188317725,0.5444402287010373,0.317721212556341,0.5341356811952613,0.451619679192008,0.19797092698618018
mississippi,Ole Miss,2015,11,0,R64,112.73994766505,99.019012899862,13.720934765187993,0.8164348209786,-0.55365068975703,48.2,46.9,16.9,18.9,35.0,31.7,37.5,41.2,33.8,34.9,77.8,0.1188019721681738,109.38709677419355,17.5,0.4838709677419355,0.12476478009637769,0.16616849688334262,0.32968891604241735,5.363294205167454,6.457727480737808,1.4896521612903224,0.5161290322580645,0.0,15.2827272727273,12.280377301478433,109.08999999999999,105.41666666666667,111.50000000000001,112.07692307692308,46.25,49.63333333333333,51.400000000000006,16.316666666666666,13.733333333333333,17.392307692307693,35.99999999999999,28.816666666666666,35.34615384615385,6.660256410256409,5.150000000000006,1.0756410256410263,-0.6538461538461462,12,120.39999999999999,-6.477083333333354,-14.96875,1.0,0.38689371144996815,16.612903225806452,0.6176571881883128,0.9374500854767771,0.36534513832923776,0.39300000000000007,0.5050849925072253,0.7750002948213974,1.0082048971306816,1.4839274969911875,0.4381034017110883,1.3834029537378643,3.870831090777965,2.553322067979063,5.567764362830026,1.455088732670934,2.3180451534284945,0.19283153983766493,4.17563723905459,0.5483870967741935,0.17107715537954485,0.30088299794105866,0.11176927858520287,0.12883679291500746,0.352401404943168,0.19198000694619596,0.19001075349329802,0.2461808278481491,0.36973384171385565,0.532657114315155,0.3701773445420999,0.2391932193239834,0.17307634009631065,0.3678159895685479,0.1712039212800265,0.3742463662721792,0.261340630692569,0.6247115862482987,0.39482826253768377,0.18510314832008143
baylor,Baylor,2015,3,0,R64,115.82487333219,92.809172084744,23.01570124744599,0.92741477098444,4.781566896377,49.8,45.8,19.6,19.6,41.8,31.7,38.8,32.4,38.2,29.8,66.7,0.12107023037433608,110.24333333333333,21.18000000000002,0.4666666666666667,0.13091562061158585,0.1577429166021931,0.2209433955009026,4.320179860027649,5.622590375051831,5.264530566666667,0.5,0.0,18.536363636363603,12.164451853202797,112.55,107.38000000000001,111.8,114.25,48.326666666666675,51.41428571428571,52.8625,18.88,19.685714285714287,20.7,40.11333333333334,41.84285714285714,45.4,6.86999999999999,4.535833333333322,1.8200000000000003,5.286666666666662,15,104.44999999999999,13.195721925133682,11.391176470588235,,0.3891704401872704,14.033333333333333,0.6002153931641158,0.8099467794098472,0.28368014847587475,0.4788,0.5016574499377712,0.7445380082966588,0.9089372897487272,1.7126976771553506,0.47149406130282395,1.1354878846331429,1.8631570429426143,1.7787253510666552,3.8708310907779646,1.2477719604930246,2.3853117058691464,0.1426582954369217,2.737705139954353,0.6,0.19877873835077609,0.2986052620585493,0.16903482651350046,0.14326997538894046,0.31156515683536273,0.2244703986643745,0.20035146130146536,0.3797127443314779,0.3637637613535385,0.5737304826019501,0.24331252599180023,0.20280750050667387,0.16313075008669686,0.37621241262275534,0.23864403064132683,0.3618650021826563,0.2724586113558444,0.5788517399173473,0.5008861024404813,0.17660328897307456
wyoming,Wyoming,2015,12,0,R64,102.70060565284,97.613463966044,5.087141686796002,0.64204007111943,-1.347631306007,52.1,46.7,18.7,18.1,22.1,26.9,41.0,26.7,32.3,34.4,70.9,0.17469307097650358,103.31379310344826,31.480000000000018,0.4827586206896552,0.16888603891335832,0.1704707170309875,0.2461302387333493,4.627248488186967,7.163453149415551,1.729529068965517,0.6206896551724138,0.034482758620689655,27.151111111111106,19.151837741817072,98.32,90.85,102.62,105.97999999999999,48.8,53.6,53.06500000000001,21.425,18.32,18.395,18.650000000000002,18.52,24.464999999999996,15.129999999999995,4.265000000000015,-3.030000000000001,5.814999999999994,4,,24.943627450980372,,,0.4356180695673836,16.11111111111111,0.6356782837119154,0.9738899005850394,0.3126610428753853,0.5452962962962964,0.5391412054147239,0.8617501062803808,1.1665211105151385,1.9002923751652299,0.5833045881854637,1.5299389399650642,2.7667982242644844,1.8400208615659406,3.051285766293646,1.4173641079389943,2.4356604735254366,0.17943925310116962,4.242646997706076,0.5555555555555556,0.2213842199917332,0.20615222594438756,0.20804051376253813,0.16643601054795176,0.42770584712704907,0.2156431878209683,0.18684630631909985,0.3017652777298029,0.3841152196370558,0.5324415443532537,0.2653731827349749,0.3069519068553045,0.20325530277939874,0.32283859065588294,0.20409180086539377,0.409739347435309,0.291614254768741,0.7836422896291635,0.5306560297099071,0.2015496549245595
virginia-commonwealth,VCU,2015,7,0,R64,108.98442324284,93.939312335539,15.045110907300996,0.84662787107403,3.1488761289889,48.8,49.3,15.7,23.8,31.7,30.8,37.5,37.7,34.2,34.4,65.6,0.13442398902385744,105.8193548387097,23.10000000000001,0.5483870967741935,0.10904940304861023,0.15217028069769206,0.2830093838727028,4.270702895988721,8.220223306050427,3.007461022580645,0.3548387096774194,0.06451612903225806,20.75656565656564,14.915350035003089,101.91,99.87142857142855,101.08888888888889,111.43333333333335,48.199999999999996,45.333333333333336,50.879999999999995,17.071428571428573,15.644444444444446,13.833333333333334,29.37142857142857,31.33333333333334,30.886666666666663,11.561904761904799,2.6799999999999997,-3.238095238095239,1.515238095238093,7,99.89999999999999,8.479166666666657,10.187500000000014,0.6666666666666666,0.43847129318176997,16.214285714285715,0.5994917471196037,0.827999817259267,0.3101822223135044,0.44335714285714284,0.5157061165591468,0.6814266877615002,0.8538386892129353,1.0587956702489614,0.4550477193839648,1.4264005789722718,2.1334770066562783,2.577916244747863,5.291502622129181,1.1433204386818974,1.4951167679013782,0.15413899128158554,3.769599297859664,0.5714285714285714,0.17654859012485472,0.33364868775403356,0.16910725207530802,0.16641581355658683,0.38767303181634516,0.21122524848317822,0.19766502700042324,0.37138030902912506,0.4168307563012512,0.4738307735550571,0.34768963003448966,0.191087452829569,0.143987829368372,0.33201210824586613,0.16060850260190176,0.4221516844563308,0.2783560375172544,0.6847038410599192,0.5249145908979506,0.17770559384661966
louisiana-state,LSU,2015,9,0,R64,107.10079912641,93.661050135299,13.439748991110989,0.82375705892402,0.4491605338924,50.5,44.6,20.5,19.2,34.0,33.0,33.4,30.0,33.9,31.3,68.9,0.10303433405182653,103.75806451612905,18.700000000000003,0.5483870967741935,0.11178332859284011,0.13206049203963052,0.21411938330878155,4.349386311920636,4.946702056026862,3.3935141032258067,0.6451612903225806,0.0,11.792929292929301,9.283444044821584,106.53,104.05,99.74999999999999,106.31333333333332,53.05000000000001,47.67,52.13333333333334,20.599999999999998,19.57,20.69333333333333,29.03333333333333,31.98,36.1,2.263333333333321,-0.9166666666666714,0.09333333333333371,7.06666666666667,6,96.46666666666668,0.7834224598930746,8.38039215686274,0.3333333333333333,0.38834729056287237,16.903225806451612,0.8040660174917562,1.6481729478763025,0.3074615209415389,0.5118387096774194,0.5472425802852297,1.1893150338450589,1.339803589397199,2.8284271247461903,0.44688617073189457,1.3500766888176052,2.4355393349013776,2.3775538968579517,5.385164807134506,1.258892322696433,2.802115602870776,0.46506305294560324,5.564221832273236,0.5161290322580645,0.12810678846883822,0.3319613212523501,0.17781880331325883,0.11262318408044103,0.3743968582595142,0.17596070611372117,0.1570871450138071,0.2163267732832499,0.35108078695166967,0.5257330106837713,0.25862818072357263,0.28144848962965646,0.12659331471307567,0.2899095818022788,0.14252280217299187,0.3338068819924227,0.23880969446007394,0.6019724501048326,0.34931116067813983,0.1305180943381269
california-irvine,UC-Irvine,2015,13,0,R64,105.02855660322,97.271017743262,7.757538859958004,0.70732113705133,-4.3138518270442,50.7,44.7,18.0,17.3,29.8,30.7,31.0,36.1,38.3,33.6,68.3,0.12013755963986238,103.42857142857142,22.92,0.5357142857142857,0.11885886596419482,0.1637244551717056,0.26227918119503074,4.821253377181511,5.49663030425878,3.1418519629629627,0.4642857142857143,0.0,12.649999999999991,12.896170835648164,102.77000000000001,,,104.84166666666665,,,51.61249999999999,,,18.216666666666665,,,30.083333333333332,,,,,2,96.35,8.760606060606108,12.67727272727275,,0.43774780623890436,12.7,0.5571347035735141,0.7312062657157542,0.30515354868613537,0.535,0.4468187265876181,0.5458827875671449,0.7563095761200799,1.030372361046992,0.4749127592430718,1.3641266562063394,2.1438241865547525,1.914841491393809,2.766798224264484,1.2991137060534028,1.7126976771553506,0.11640860847634524,2.226818186071007,0.6,0.22256731148088216,0.37232364242240373,0.21756467708768876,0.13645217935287474,0.40798086169397446,0.1686598633011669,0.14928261585540417,0.28374674208040745,0.41447605012141764,0.6072999465423043,0.27769043899422596,0.1873398385403993,0.17631883091642298,0.3529424803779434,0.16876680994095156,0.450639265316325,0.30359727543494536,0.5291448765418371,0.4663330352064458,0.1899215883206885
davidson,Davidson,2015,10,0,R64,119.31784144198,102.36738554189,16.95045590008999,0.8534676153281,1.8201912264217,56.0,49.1,14.3,17.3,29.8,30.1,29.0,35.4,39.3,29.8,70.2,0.14227654040526092,117.96428571428571,28.460000000000008,0.5357142857142857,0.1394323660448057,0.17102840391037583,0.28609019665362323,4.068611296695456,7.837421801388069,6.142932464285716,0.32142857142857145,0.03571428571428571,19.745454545454535,20.173348755226534,119.32000000000001,107.875,111.63333333333334,122.31666666666668,51.375,52.53333333333333,59.17777777777778,16.3,13.816666666666665,13.894444444444444,30.224999999999998,27.883333333333336,30.199999999999996,14.441666666666677,7.802777777777777,-2.405555555555557,-0.02500000000000213,4,,8.21208791208791,,,0.33668616448937855,16.93103448275862,0.6093172973845847,0.9093565505751137,0.3091586031373717,0.47886206896551725,0.5116395329571632,0.9269595044360341,0.7376574966040058,1.1201109352001462,0.4604916405161861,1.2052608544655428,2.374634474795834,2.7677352068089047,5.385164807134507,1.4682075788496634,2.206449875395219,0.21858371993881756,4.5083998125825016,0.6551724137931034,0.21508683616632013,0.2437526613634947,0.18533185068022953,0.16554162578520135,0.3354415106848298,0.2067649614202973,0.2032755864304478,0.30111841085874613,0.4670761295687854,0.5328057856133186,0.3054267027013202,0.21898499352875997,0.17915833655396918,0.4451960189903828,0.21930764749017548,0.39923479646039106,0.3151824454256057,0.5905879535220923,0.46014697607632377,0.16723833621523934
northeastern,Northeastern,2015,14,0,R64,106.63425151707,100.90150627182,5.732745245250001,0.65373303294347,-4.2450656079766,54.6,49.6,21.4,15.6,29.6,25.6,42.2,24.7,38.8,34.4,72.4,0.1460038282230266,106.56129032258063,23.0,0.5161290322580645,0.0951406150220542,0.1672247593919732,0.2134829543885547,4.56509195045719,7.187922609684482,2.7726244838709677,0.3225806451612903,0.03225806451612903,21.992272727272706,16.341236183349164,110.16,,98.125,107.81111111111112,,51.0,54.91851851851852,,20.875,21.459259259259262,,26.500000000000004,30.707407407407413,,,,,0,109.30000000000001,11.944999999999993,3.49166666666666,0.75,0.3683269943754515,14.67741935483871,0.6705425812365884,1.3196918346574467,0.3333917195839664,0.5924838709677419,0.5225918088525765,0.8900615101080119,0.9691728984403785,1.4656197233972772,0.4143953137960742,1.6225389276280129,3.8129334558134556,1.7718490956493298,3.8056219755369374,1.582497430326545,5.196152422706631,0.3152634700856591,4.1799145497683385,0.5483870967741935,0.1348671087076733,0.391367656299219,0.17387671878618066,0.14816159421233874,0.4295248314040678,0.16802660284357152,0.14978971667698565,0.23467417773792176,0.35763428145773124,0.4877563555567966,0.23596419633064786,0.20941636770730024,0.15476597779684206,0.3090555546283488,0.24893891203580729,0.4952918343994924,0.29756543009090486,0.5485869652135419,0.429180448310922,0.12736587579976408
belmont,Belmont,2015,15,0,R64,107.32927522218,106.45192192329,0.8773532988900001,0.52358049951706,-4.4208456855697,56.5,51.3,20.3,18.7,29.2,29.5,33.0,27.7,37.9,34.3,69.0,0.12615341184148304,107.68214285714285,19.28,0.5357142857142857,0.12016643398373365,0.16418313526766895,0.27682217314805296,5.694627561902804,7.101993527119459,1.0754327392857144,0.5357142857142857,0.07142857142857142,11.903333333333336,15.188679995312297,113.54,,,109.428,,,57.056,,,20.572,,,28.756,,,,,2,,2.1871794871794776,,,0.453786474470175,17.884615384615383,0.8236962383891184,1.7878388349302015,0.2916890934312178,0.47911538461538455,0.5979504948650312,1.0728572855250589,1.1267166370740531,2.6457513110645907,0.42859051495681666,1.611579300828297,2.939723678960657,2.324711086551294,5.291502622129184,2.255815727936028,4.898979485566357,0.4545085343802418,4.994284244240014,0.46153846153846156,0.1918422568201068,0.2946390756940438,0.13349415610260268,0.16253857117031575,0.424943642287039,0.1959334042684919,0.1737129145655754,0.29161592294852356,0.409436534195277,0.7184225444548299,0.2783625616768381,0.1833362631858218,0.14717679541054438,0.2813743573485109,0.15628803249417178,0.42601482225462217,0.26096017169675445,0.5974795465170075,0.38746623732398866,0.16315159640938764
hampton,Hampton,2015,16,0,R64,94.121847581343,102.92963178883,-8.80778420748699,0.26332907378875,-12.34516405794,45.8,46.5,20.5,20.1,32.8,30.9,43.4,45.9,30.4,34.4,65.2,0.12600555252362494,94.48965517241382,18.480000000000004,0.4827586206896552,0.12287935912950455,0.15734994586439782,0.27379334500905705,5.707175070964654,7.86798082178987,-0.4567102344827589,0.5862068965517241,0.10344827586206896,6.173039215686288,10.672165249428588,99.28,77.13333333333333,,96.4923076923077,39.666666666666664,,46.22692307692307,21.5,,20.76923076923077,28.133333333333336,,32.71153846153846,19.35897435897438,6.560256410256407,-0.73076923076923,4.5782051282051235,3,112.19999999999999,3.5505681818181642,-16.91818181818182,,0.4922201951451206,13.178571428571429,0.6708930283460395,1.0869666961960958,0.30168838070787013,0.51175,0.5281281002862036,0.7869753519905583,1.4145394404207956,2.8090614514987244,0.5051064376324798,1.2242182563105908,2.544251222995537,2.5562644172177427,5.385164807134505,1.2710335546498595,1.8165222504609604,0.18660098226007638,3.3516731436236693,0.5714285714285714,0.19456843954380407,0.3629641137183093,0.22984066859180316,0.15586385417360238,0.35783087947831016,0.24344349783315106,0.19932337290932675,0.29876128130541413,0.3664681532592124,0.5622922906466887,0.30815245123643814,0.21289899882865937,0.14918389222095912,0.3417038423673902,0.12110351816894793,0.4590842813961769,0.31666986966908617,0.5778399098108942,0.3957720301262969,0.21036396741269564
iowa-state,Iowa State,2015,3,0,R64,118.0870813124,96.714058981659,21.37302233074101,0.90855608825605,6.7917366953014,54.7,47.9,15.8,18.5,28.5,29.2,37.4,24.3,36.6,35.2,69.6,0.10648944678204324,112.64666666666668,19.11999999999999,0.5,0.13865160926700942,0.1547279835014406,0.25071840734331297,4.085038583647045,7.544552500247463,4.0623245,0.43333333333333335,0.03333333333333333,14.603409090909096,9.484021650474372,110.8,111.81764705882354,104.78,119.32499999999999,55.85882352941176,52.120000000000005,57.7125,16.147058823529413,16.580000000000002,16.425,26.400000000000002,24.640000000000004,33.375,7.50735294117645,1.8536764705882405,0.2779411764705877,6.974999999999998,17,103.025,4.171249999999986,12.706249999999997,0.5,0.43413489964512697,15.2,0.6070256499437061,0.9949589025448806,0.33176026427953503,0.47916666666666674,0.4975825409305309,0.9123832133071786,1.0077659403216377,1.5224049994910431,0.5052275395729389,1.3308189841939608,2.5930942773132033,2.0936932748498824,3.8056219755369374,1.2654194434310142,1.704776902993567,0.2223925727421145,3.083201513703866,0.36666666666666664,0.1739533790954829,0.3354650190879312,0.16475810023408388,0.11978030338303884,0.41775814794966515,0.17605912931953632,0.14199110685129865,0.28300806979263027,0.5353242816240453,0.5130460193569066,0.26508340804259556,0.2594140102985983,0.19333970033482348,0.3494935527500389,0.2983342671159247,0.39377637899897217,0.3393417095930184,0.6534474228909,0.40587806472789384,0.15598793923167822
southern-methodist,SMU,2015,6,0,R64,111.18935545426,94.497081774864,16.692273679395996,0.86653411126906,3.2961937476936,52.4,45.5,19.7,20.0,36.9,29.3,44.1,31.2,36.0,32.2,70.5,0.12162496629678281,109.99655172413793,23.08,0.5172413793103449,0.10738358695757368,0.14029681219575185,0.26466799260310936,5.334429023328187,7.008691323389316,4.67746703448276,0.41379310344827586,0.0,15.798550724637693,8.625214973166369,109.69000000000001,93.75,109.1125,116.96666666666667,46.849999999999994,50.9875,57.05999999999999,24.983333333333334,19.375,18.64,35.98333333333333,37.837500000000006,36.63333333333333,23.21666666666667,10.209999999999994,-6.343333333333334,0.6500000000000057,6,,9.248529411764721,,,0.44867565154135874,14.366666666666667,0.5982860750136948,0.7524420292501364,0.4462888202917609,0.4258333333333333,0.4966675031591182,0.7255940209135142,0.9505928909395249,1.3316656236958784,0.4717057930909066,1.1658387920083115,2.4211709905575116,1.9914990750451125,5.477225575051659,1.1174903023135456,1.2034433356286307,0.14057383452190464,2.9917543575304557,0.5,0.16776503402344253,0.3196549984740359,0.1515556881322972,0.12728028400160968,0.29594966953276314,0.2121435614690306,0.1564515420139889,0.24126766522099788,0.42394314639792324,0.6176719516856907,0.31052785382128567,0.20029589344931242,0.1477144229045467,0.24828546607657706,0.18239977068994387,0.3538558035207567,0.26219234845091666,0.5551879305990894,0.4968430721822217,0.16074996103842137
eastern-washington,Eastern Washington,2015,13,0,R64,110.83646750782,107.50782558123,3.3286419265900093,0.58677771384804,-2.2891631559778,55.4,52.0,15.9,17.7,29.3,30.6,35.6,35.1,39.6,38.4,71.4,0.11829680732477733,114.16785714285716,21.86,0.5714285714285714,0.10491897790521779,0.14049071253251835,0.2800374877934736,4.484600340235484,6.700813186022942,2.542021535714286,0.5714285714285714,0.0,15.53000000000003,12.344503950251616,108.53,,,115.53199999999998,,,55.452000000000005,,,15.664000000000001,,,29.227999999999998,,,,,2,,9.112500000000011,,,0.274025274318763,22.928571428571427,0.6762871401890219,1.0423538167483921,0.3575400767528699,0.4845714285714286,0.5722592341797728,0.9751167447451743,0.9541241084525915,1.5126136320951231,0.4214079013407772,1.657462460825273,4.582575694955841,2.0658268631334207,4.582575694955841,1.3086307369471588,1.9454645850025436,0.23131903778742718,6.218407442146266,0.7142857142857143,0.18365339501981612,0.19493272761058222,0.19969268199925802,0.1568641077529997,0.33660237228040063,0.1932426393690787,0.1701269061847359,0.3666585973856234,0.374678075613289,0.5705968183986542,0.27917454669310876,0.22590863361943841,0.18015677841185912,0.2665385091695003,0.1970342060304276,0.38829008958874994,0.25229205054210535,0.6089608635481704,0.5110344331956111,0.16349617092851718
purdue,Purdue,2015,9,0,R64,110.14496901508,94.526299333705,15.618669681374996,0.85303072061908,0.90171895130116,50.7,45.5,20.0,17.8,36.2,31.1,42.5,38.5,33.5,35.0,68.5,0.10650941941659961,106.67419354838708,18.89999999999999,0.5806451612903226,0.15854097855265553,0.12789723541025044,0.23236935306156595,4.680368517794896,8.587599847792267,3.9691344516129035,0.5483870967741935,0.0,11.317272727272751,9.60051503248075,103.21,100.70769230769233,107.85999999999999,112.18461538461537,49.46153846153846,54.52,51.892307692307696,20.753846153846155,22.56,18.599999999999998,33.80769230769231,34.940000000000005,38.73846153846154,11.476923076923043,2.4307692307692363,-2.153846153846157,4.930769230769236,13,107.25,7.367647058823508,2.0676470588235247,0.5,0.38649351865925935,11.451612903225806,0.611609112647369,0.7814171501728288,0.3652428395137291,0.5544193548387096,0.499805701407939,0.6813978723601347,1.0477059679260388,1.3899699598046624,0.4221704690657932,1.4683874226930012,3.8708310907779646,1.9207115333175437,3.1055505863605646,1.5903103494191906,3.1055505863605646,0.14401951725623427,2.074954547034614,0.7096774193548387,0.15634893300700556,0.2912687871374753,0.1527471188067463,0.14764766010810146,0.3856147983898367,0.1775860552174299,0.1755076974063527,0.2756164676506143,0.37343450383144144,0.4930223924921846,0.24965459373616586,0.19692933614599692,0.23233599919409254,0.3644058925615358,0.17926024007857602,0.41223654988849917,0.33952048576662847,0.5625878762694061,0.5002371149343809,0.21637430659908383
stephen-f-austin,Stephen F. Austin,2015,12,0,R64,111.58552159319,98.948553847588,12.636967745601993,0.79934399676597,1.4768083708065,56.2,48.8,20.3,24.4,37.7,29.9,42.4,49.0,38.1,33.6,73.2,0.143904031019066,115.13571428571429,28.920000000000016,0.5714285714285714,0.12747714166434757,0.18393911306989913,0.2810868384611758,5.769307359415634,6.822967820072877,7.032035035714286,0.32142857142857145,0.0,22.295833333333334,15.898078150798257,121.6,95.73333333333333,105.06666666666666,119.15454545454546,46.166666666666664,50.86666666666667,58.218181818181826,19.7,18.633333333333336,20.895454545454548,32.9,34.86666666666667,39.21818181818181,23.421212121212122,12.051515151515162,1.1954545454545489,6.318181818181813,3,107.95,-0.6230769230769369,7.42692307692306,,0.47892536194569485,15.483870967741936,0.6744052144509186,0.9656282578911682,0.368915108818882,0.5474516129032259,0.5464224754597524,0.9281709983348476,0.996703056155342,1.3670696042189352,0.5003988735786353,1.4765263296808468,3.870831090777965,2.0855472673970543,2.8170906978654413,1.3646919393351054,2.481496147337669,0.18725109269893475,3.850018291071375,0.5806451612903226,0.16253109940069446,0.3340983279870488,0.179381928307771,0.1812380816676557,0.30046477912364755,0.2133371230770765,0.18310828990882236,0.2714706402908884,0.45305333383630236,0.47768552509402423,0.2830179867048762,0.18738193007772533,0.16670130040121736,0.40817149102560857,0.13580995636692858,0.4398850333809876,0.31202365847797237,0.7133891503112232,0.5187237160412455,0.13552662917844005
buffalo,Buffalo,2015,12,0,R64,108.82661836466,97.554670148701,11.271948215959,0.77858591520538,-0.96540565825296,48.6,48.5,16.4,19.8,34.7,30.4,42.3,33.8,34.0,33.0,72.2,0.11558936791690679,108.7,21.460000000000008,0.5,0.11040593883038685,0.14634679374450993,0.3065108308370038,5.089101494663719,6.6042280677875596,3.873756033333333,0.43333333333333335,0.03333333333333333,11.079365079365076,7.376659888534318,112.92,,112.8,109.89565217391304,,48.059999999999995,49.713043478260865,,13.960000000000003,16.869565217391305,,38.4,34.1913043478261,,,,,2,,12.916826923076911,,,0.3702368549886773,18.366666666666667,0.6288464525009404,0.975675943110558,0.2922435031389491,0.5388333333333334,0.5390249019637217,0.782577551939466,1.1405293643662942,1.6228693402530432,0.37603593697052895,1.0611328239255249,1.7556583901286127,1.8447318742705912,3.532704346531139,1.1386139685789116,1.809934272001477,0.18795336669753224,4.670401318496446,0.5,0.1879091774558867,0.39880921010635245,0.11794542666458081,0.12735575026436935,0.35450457173259464,0.2025131361291342,0.1565394533651695,0.3749137831923311,0.34988148328168717,0.6124668971659775,0.3326021785606749,0.21685004608167383,0.1300915282663386,0.388869390148845,0.20031398019858704,0.3541455368950483,0.2409616841463897,0.6246096352600877,0.6128224497414079,0.17112273698834823
st-johns-ny,St. John's (NY),2015,9,0,R64,109.63662690602,93.793330521694,15.843296384325996,0.85752627069933,2.2160435247394,49.3,46.1,15.7,19.5,27.8,35.4,36.2,32.6,35.1,32.4,69.1,0.12018323477440865,105.1066666666667,19.340000000000003,0.4666666666666667,0.12596422948602426,0.14672801205164124,0.23526985430145017,3.652956604453849,6.339683669869925,2.5074598333333333,0.6,0.0,9.940000000000012,17.9540803161844,107.56999999999998,103.84615384615384,105.525,106.55555555555554,49.03076923076923,49.0375,51.94444444444444,15.384615384615383,16.025,15.288888888888888,25.746153846153845,32.3125,25.244444444444447,2.7094017094017033,2.913675213675212,-0.09572649572649539,-0.5017094017093982,13,103.6,6.207486631016053,4.052941176470597,,0.4233539709050684,17.806451612903224,0.791072371321528,1.6368506484561978,0.4081100294801045,0.4100322580645162,0.6033656264489595,1.101298866533065,1.2811833294000863,2.9008300217032392,0.43927564467099717,1.551035755126838,4.358898943540673,2.4531695565510563,5.567764362830026,1.5294536559170404,2.9953667926019043,0.451750403198165,5.964839382777035,0.4838709677419355,0.177286388940899,0.39057643712653345,0.15568213699966482,0.1308948758445868,0.42295178000886585,0.23466494479478137,0.22199967154630357,0.2998534420983631,0.4911112613195963,0.48337575547301764,0.2581512178589351,0.20338299788596595,0.19954306295147164,0.28550847885121344,0.20503639141051444,0.34337492058703745,0.3326515945149419,0.6177813667329151,0.37216471937750706,0.18513713256841724
robert-morris,Robert Morris,2015,16,0,R64,99.876942255369,102.73895487783,-2.8620126224609947,0.41948112862971,-8.2970157983487,50.5,48.4,20.5,21.7,31.2,35.8,36.0,37.6,38.0,33.4,71.4,0.17076004513448495,102.08999999999999,30.60000000000001,0.4666666666666667,0.11542474399919112,0.1878769271243716,0.27034888947404406,5.474565011849391,8.714930940235211,-0.3228782999999999,0.36666666666666664,0.16666666666666666,20.043750000000003,17.25165370495117,110.82000000000001,,81.6,105.80000000000001,,43.96666666666666,51.908,,22.666666666666668,19.988,,24.0,31.62,,,,,2,,8.40095238095239,,,0.48339508724445995,15.3,0.5294557160355086,0.691763140159289,0.4325206907352937,0.4983666666666666,0.5023181140181616,0.7155474967456861,0.9796781979568202,1.408281932224964,0.4091302957425132,1.0972461537151823,1.4244839482951142,2.6855242443564262,5.4772255750516585,1.01210716525191,1.809934272001477,0.12729953822065695,4.734831272985037,0.4,0.21703088331474182,0.3744483036123143,0.15890022380143326,0.1621765970153433,0.36943612509061097,0.22581131633523902,0.168396540297215,0.35883117538805603,0.33908687085868267,0.6473758292223338,0.3325736500440204,0.2548660900541924,0.17206374515598302,0.256573465380114,0.21246800575994282,0.3093998307616658,0.2269055466178602,0.6405508350244736,0.5415520657826122,0.15631360618971257
lafayette,Lafayette,2015,16,0,R64,110.56733997284,113.71000766654,-3.142667693699991,0.42011369430946,-6.7961031484645,56.3,52.9,16.9,16.9,27.6,34.4,31.0,27.6,41.4,37.6,76.5,0.1454772900743905,111.66785714285713,22.980000000000004,0.5714285714285714,0.12379407015390867,0.1568972858599505,0.3040519225724093,5.148250588984974,8.190798387694016,-0.6958144642857143,0.42857142857142855,0.14285714285714285,16.802083333333343,18.19005833476689,109.16000000000001,,,114.16,,,55.412,,,16.208,,,29.46,,,,,2,,10.685641025641019,,,0.3327278934768796,17.724137931034484,0.6495984331926641,1.0076712577815814,0.2674877269830779,0.5718620689655173,0.5309915396120126,0.7705605230212246,0.8768841985687527,1.192437875098738,0.4403752515593041,1.3322686843693772,1.9925456319086126,2.5165271356752856,3.671713698190734,1.3543767384990129,1.8041901343307267,0.21393098879998912,4.748694689537007,0.5517241379310345,0.15188837557742502,0.315390835306776,0.15368836756259885,0.16543097920771702,0.402874159560779,0.2827141432947191,0.26302401187396995,0.2592569496945252,0.38114370484262955,0.6514254821007225,0.3339159257834132,0.2641192518656092,0.15382186087626626,0.27652154713523336,0.22432031015063153,0.5333311103768943,0.3191663453803352,0.52386764930476,0.33917284953925486,0.17514745290950048
new-mexico-state,New Mexico State,2015,15,0,R64,104.36527177947,98.087538318225,6.277733461245006,0.67115672983926,-4.2575822146211,51.0,45.9,21.9,20.5,39.5,30.7,44.8,32.5,36.3,29.5,70.7,0.13394361492997556,106.82068965517242,24.060000000000002,0.5517241379310345,0.11931926701173565,0.13085864075746106,0.28922549094336036,6.401856642639415,7.4482734036186065,3.4002209310344824,0.4482758620689655,0.034482758620689655,15.920526315789473,10.801445376532818,109.07000000000001,,102.16,109.94545454545455,,47.900000000000006,51.813636363636355,,19.46,22.022727272727273,,30.959999999999997,42.09090909090909,,,,,2,,8.339523809523783,,,0.3317804267354125,13.193548387096774,0.608363064887,1.2695891100718715,0.33269771523335523,0.47667741935483876,0.5225901550371022,1.0633510373208974,0.8600656990386412,1.1552462528090306,0.4286860577938749,1.114205412917312,1.7399263633843822,2.596155623827689,5.567764362830023,1.3621419480129933,1.9895560643855537,0.31228034144838335,3.9216459693653167,0.7741935483870968,0.1272746398976732,0.3161498741144796,0.16787357603334513,0.16320592131898648,0.5058039292214195,0.19796495512284526,0.21367948813624948,0.3202135602454889,0.421358528788672,0.5231528284618033,0.29277002188455997,0.3478637597747403,0.21728737826531158,0.5164446394629464,0.20866011671733498,0.43128104201205475,0.31151471894333205,0.881882113226016,0.4288591632303304,0.20677797753314522
valparaiso,Valparaiso,2015,13,0,R64,105.03461962656,94.29066010278,10.743959523780006,0.77572767298357,0.39585166755626,51.4,44.9,19.1,18.6,35.0,27.6,36.7,32.7,38.1,33.0,68.7,0.1547117837729578,108.03214285714286,24.11999999999999,0.4642857142857143,0.10102543499507034,0.19273050391133903,0.33245401654596923,6.436547227484639,7.100940948786888,5.1721025925925925,0.4642857142857143,0.0,27.16260869565218,13.714262648790127,105.30999999999999,,104.0,108.516,,49.20000000000001,52.732,,22.3,19.008,,39.5,34.211999999999996,,,,,0,124.675,4.121678321678331,-17.184090909090898,1.0,0.4060097604339319,16.806451612903224,0.570531210558533,0.8461595547458416,0.32696766448844344,0.5053548387096773,0.4909202724624373,0.6954988991866351,1.0246904692359666,1.4324784174259941,0.5038028858855019,1.073339198373148,1.7142899756198426,2.04347670067333,3.105550586360565,1.2539570833054925,1.759376994111099,0.12946150742793058,3.740912462870995,0.45161290322580644,0.1987985593608766,0.35468801188773874,0.14475803901874265,0.19324374986627965,0.42013720259454956,0.18984176896120455,0.20012856837397747,0.286404277581839,0.4584230058923436,0.5211143266982893,0.3596076675585548,0.20444791927647088,0.16352648309129772,0.3315366540507948,0.14843849477947904,0.33780932595994045,0.31721551407791215,0.7748333154083313,0.5097166390630447,0.13495150490992416
indiana,Indiana,2015,10,0,R64,118.9236959191,103.43062638463,15.493069534469996,0.83274127013602,-0.37298708301841,54.6,50.5,17.1,16.1,35.3,31.3,32.7,32.1,40.3,32.8,71.5,0.12641514081918437,115.33225806451614,23.200000000000003,0.5161290322580645,0.08258983761088859,0.1813099112458666,0.3087712287117857,5.300904771626205,8.034806274745067,3.004046241935484,0.45161290322580644,0.06451612903225806,17.68728070175439,12.630492204713693,112.93999999999998,107.6875,125.39999999999999,123.00833333333333,51.89375,63.73333333333333,58.64166666666667,17.51875,18.26666666666667,16.425,31.1,36.06666666666666,38.833333333333336,15.320833333333326,6.747916666666676,-1.09375,7.733333333333334,16,104.93333333333334,11.563157894736847,15.229824561403504,0.3333333333333333,0.38763438529968763,16.0,0.6104430146389014,0.9638358739104572,0.36930935835571344,0.4392903225806452,0.48113048488131194,0.7220700474377022,0.7750980180974345,1.5,0.47989203974573164,1.0087032373970302,1.7167236351398356,2.960214359263086,5.567764362830026,1.4225908161871992,2.3916521486202793,0.19792188023609433,4.55537099422026,0.6451612903225806,0.2023163552759273,0.2670655795742989,0.15568709162371241,0.16000547844234622,0.3465502442155513,0.2679684554579134,0.2397072357320991,0.2559464976901118,0.4560701700396552,0.6831300510639733,0.3461290288470801,0.22073835859183608,0.14438760264856929,0.4178853879971005,0.2219120949399895,0.5087591404276692,0.287536484704525,0.5144119765957401,0.573372511438196,0.17523586459801577
texas-southern,Texas Southern,2015,15,0,R64,101.16901188915,106.38132494733,-5.212313058180001,0.35945469199951,-4.3009756829292,49.4,48.9,19.9,18.7,34.0,34.2,46.5,32.6,32.0,34.2,66.2,0.15888948463001945,102.30000000000001,24.5,0.45161290322580644,0.12073233120666112,0.17907855041446982,0.2330635541115716,4.710891064719702,8.296430039545474,0.35951658064516107,0.5806451612903226,0.0967741935483871,21.591228070175447,20.512326917138278,111.1,89.18333333333334,,105.90000000000002,45.46666666666667,,50.32916666666667,22.683333333333334,,19.4875,30.333333333333332,,34.21666666666667,16.716666666666683,4.862500000000004,-3.195833333333333,3.8833333333333364,6,,13.389047619047602,,,0.39870611073682277,14.071428571428571,0.7517949535837359,1.316511726115647,0.32156514784979034,0.42917857142857146,0.5980079119174895,1.2231932861561576,1.1240680543238213,1.6162181921536487,0.45920533328655433,1.046841137134266,1.263820153071767,2.85786188351046,4.094259757631771,1.3198474380060523,2.1168489702107265,0.2925637661843959,3.6502362562624486,0.6071428571428571,0.1641869831888254,0.38940061203172227,0.17842955518268347,0.17889088269162684,0.33534160864759704,0.2262556852723968,0.1977042147293252,0.2956495440777918,0.35230823684665674,0.6160775058798548,0.2742119262686395,0.21159085623799992,0.17337620945079057,0.3968099289341137,0.20505317867057374,0.443155569096177,0.26947478630041705,0.6372954422092755,0.6804772483394612,0.18035580741853272
