"UC Santa Barbara",108.04543533807,107.56317527545,0.51285843155529,19–13,19,32,54.6,48.9,29.7,32,18.2,17.2,27.5,29.2,66.5,52.4,50.5,38.1,30.8,8.4,7.1,58.3,46.1,47.4,36.9,66,,,,2025,,,,-8.0718604477661,77.2,77.4
"Arkansas Pine Bluff",95.998597071395,122.27216264397,0.058302892479319,4–25,4,29,50.3,56.3,32.8,40.5,20.4,16.8,26.3,34.6,72.5,52.6,58.5,31,35.7,6.3,9.2,52.2,59.5,37.9,44.9,72.3,,,,2025,,,,-20.010130975074,59,69.6
Toledo,110.82825638722,117.34509351076,0.34139596742003,17–15,17,32,50.5,56.4,35.5,26.5,13.7,15.5,29.8,30.9,69.5,50.6,55.9,33.6,38.2,7.1,7.5,46,45.8,28.6,37.5,69,,,,2025,,,,-8.8244479563782,75.7,74.2
Indiana,112.79616142507,97.730318938634,0.8387234464027,19–13,19,32,51.1,49.8,33.1,29.6,16.7,16.4,31.5,28.1,69.1,52.6,50.3,32.1,32.7,9.2,8.2,58.4,51.8,33.2,38.9,68.7,,,,2025,,,,0.94993797346134,70.6,72.5
Louisiana,98.373147829973,110.09402817003,0.21508880107817,11–21,11,32,45.7,51.3,29.8,43.8,16,19.1,25.9,35.5,66.4,45,53.8,31.3,31.5,8.5,11.5,45.3,49.2,38.1,36.9,67,,,,2025,,,,-15.630195638173,72.9,73
"Central Michigan",104.21566253066,108.46431084487,0.38709834751017,10–17,10,27,49.8,53.1,35.8,31.3,17.6,18.2,32.1,29.1,68.5,51.2,52.5,31.3,35.9,8,8.8,48.9,54.8,33.3,43.9,67.9,,,,2025,,,,-11.371260185944,73.2,70.4
Brown,102.74787655592,106.02519422448,0.41069732045645,13–13,13,26,51.1,49.3,28,29.1,17.1,15.7,30.1,30.7,67.3,52.1,49.2,33.1,32.9,14,10.3,54.1,47.9,40.5,37.4,66.5,,,,2025,,,,-8.5996186398206,63.2,71.3
"Wright St.",108.95657302606,112.16636943308,0.4172946878466,13–18,13,31,56.3,53.2,27,34.5,17.8,14.2,28,27.9,68.1,55.3,52.2,38.6,36.7,7.9,7.9,52.3,49.9,37.8,36,68.1,,,,2025,,,,-13.434329664688,70,70.4
"UC Irvine",105.48298040392,96.402715316653,0.73791801550254,27–6,27,33,51.6,46.2,36.3,21.9,18.3,17.9,28.5,25.9,69.6,51,43.3,35.2,34,9,7,61.1,55.8,35.1,37.8,69.4,,,,2025,,,,0.12322972792834,81,72.5
Montana,110.83616316326,109.24525721652,0.54147034924816,22–9,22,31,56.4,52.2,36.2,31.9,16.2,15.5,22.6,29,67.5,57.3,53.1,36.5,33.7,8.1,8.5,49.3,45.6,36.8,35,67.8,,,,2025,,,,-2.997539256954,74.6,74
UAB,116.55114759346,110.18916010719,0.65599892859851,21–12,21,33,50.7,51.6,31.6,29.2,13.9,15.5,38.8,30.7,69.7,50.5,50.6,34.1,35.7,10.7,8.1,53.1,48.6,29.4,34.2,69.8,,,,2025,,,,-6.0769461084965,75.6,72.1
Tulane,107.70020700798,105.71280285464,0.55334450929195,17–14,17,31,52.1,48.4,35.1,32.8,15.9,17.4,27.2,32.4,67.7,52.9,48.3,33.9,32.3,13.1,10.3,56.7,60.1,39.4,43.1,67.4,,,,2025,,,,-8.5862011994557,75.2,73.5
FIU,96.181945033309,104.00529572579,0.28919399108292,8–23,8,31,46.1,51.6,36,37.5,19.5,20.6,31,29.6,69.3,47.4,52.6,28.8,33.3,13.2,8.2,47.6,56.8,30.1,39.5,69.2,,,,2025,,,,-17.406353081981,70.5,72.9
BYU,124.0578801791,99.043042625095,0.9301975310097,24–9,24,33,57.2,50.6,30.2,29.5,17.6,17.2,33.3,26.1,67.8,58.6,49.3,37.1,34.8,9.8,8.5,59.9,52.2,48.3,44.4,67.9,,,,2025,,,,4.8201486199015,70.5,70.6
"Illinois Chicago",106.89808727527,107.66272485704,0.47951990982175,15–14,15,29,51.1,51.6,35.1,31.6,17.5,15.8,30,27.9,68.7,51.1,51.6,34,34.4,8.3,10.3,56,57.1,39.4,35.3,69.8,,,,2025,,,,-7.9650479030048,72.1,71.1
Xavier,115.49772635336,98.36534442278,0.86371168064045,21–11,21,32,53.9,50.6,37.2,28.1,16,17.6,25.2,25.2,69.5,51.3,50.5,38.8,33.9,7.2,11.3,63.9,56,37.4,37.2,69.8,,,,2025,,,,0.41549548457832,79.4,71.8
Charlotte,104.23297547614,112.54104887355,0.29277817094102,10–22,10,32,48.3,54.2,42.7,37,15.1,14.6,25.4,29.2,65.4,49.6,56.4,31,33.3,6.1,10.9,52.2,46.3,40.9,34.5,65.5,,,,2025,,,,-16.357008213702,75.2,69
Canisius,99.764471347074,121.26907576106,0.095799228028241,3–28,3,31,51.2,56.9,23.3,31.4,18.5,16.4,18.3,34.3,66.2,48.4,58.7,36.7,36.2,7.2,9.9,47.7,59,41.4,40.9,66.9,,,,2025,,,,-23.160005443651,75.9,76.1
"Wake Forest",107.07982001391,97.020334896567,0.75667214793006,21–11,21,32,49.4,47.2,36.1,31.5,16.7,19.7,26.8,31.5,67.9,52.9,48.2,28.5,30.7,12.7,7.5,45.8,57.4,35.2,45.8,67.9,,,,2025,,,,0.62414523955548,75.6,77
"Florida Atlantic",112.10428652214,107.11850850438,0.62789072499719,17–15,17,32,53.2,49.6,33.2,33.3,16.3,16,30.7,31.6,69.5,53.8,46.6,34.9,36.8,11.3,8.5,56.6,51.6,40.3,35.3,69.7,,,,2025,,,,-7.7538355659293,70.1,74.3
Northeastern,103.9499920547,106.31483820961,0.4356853576146,17–15,17,32,51.1,50.3,28,30.3,18.6,18.2,31.4,31.4,67.1,51.3,49.2,33.7,34.9,12.6,10.1,49.7,47.7,34.8,34.7,68.2,,,,2025,,,,-11.021717215349,68.7,69.6
"Robert Morris",104.97363901513,104.82198906744,0.50415626995856,25–8,25,33,51.3,50.3,38.4,30,18.5,18.8,35.3,28.3,68.7,50.7,49.8,34.9,34.2,11.9,9.4,60.7,51.4,36.8,35.6,68.7,,,,2025,,,,-4.0062150780825,72,72.6
Seattle,103.7720178628,102.1302957673,0.54571941549335,12–18,12,30,46.5,51.2,42.3,36.7,17,20.9,29.9,27,67.5,46.3,53.3,31.3,31.9,9.7,11.4,51.3,56.3,36.3,38.6,66.7,,,,2025,,,,-12.094927288717,71.3,72.1
Villanova,119.23774525435,103.62818060332,0.83390583598308,19–14,19,33,54.9,51.1,28.9,30.1,15.6,16,30.2,27.4,63.5,51.1,50.3,39.8,34.7,7.8,8.6,49,60.9,43.6,45.9,63.9,,,,2025,,,,-2.8854043881955,80,69.5
Howard,104.00231442819,116.14803609648,0.21922257676164,10–18,10,28,53.5,52.3,35.7,40.9,21.2,16.5,29,33.8,70.8,52.6,53.1,36.6,33.8,7.4,8.3,57,45.5,38.4,33.5,70.4,,,,2025,,,,-13.588820980215,76,77.2
"Utah St.",121.37856195367,104.66843167676,0.84597074087154,25–7,25,32,56,51.8,37.6,36.2,16,20.2,34.6,30.3,67.3,57.7,52.6,35.8,33.8,9.4,9.5,61.1,58.4,42.3,44.4,68.4,,,,2025,,,,2.2503091922179,70.2,71.9
Marist,97.123032800005,105.91352791048,0.26964765146527,20–10,20,30,49.9,46.9,22.4,33.2,18.4,16.4,30.6,25.6,64.2,51.5,44.9,31.4,33.7,9.7,6.9,55.8,45.1,37.6,35.4,64.7,,,,2025,,,,-7.9632981017411,70.8,72.3
"Portland St.",101.05011114027,103.77963058628,0.42396647890728,16–13,16,29,50.5,50,34.3,34.9,18.4,19.6,33.4,30.4,68.5,51.7,51.6,32,31.7,13.7,8.2,48.6,52.7,31.7,39.1,68.9,,,,2025,,,,-9.252161795874,63.5,73.4
Denver,100.08625981174,109.68966685506,0.25852257525391,8–21,8,29,50.3,54.3,31.6,49.8,18.5,17.6,26.1,29.1,68,50.5,56.2,33.3,34.1,7.7,7.7,43.5,48.5,36.9,37.9,67.2,,,,2025,,,,-15.862769222302,74,73.1
"Cal St. Northridge",106.78801025419,104.38579552259,0.56504150113005,20–10,20,30,51.8,49.9,35.8,45.1,18.9,20.5,35.4,24.1,72.8,51.5,46.4,35,35.6,10.9,7.7,56.1,62.2,30.8,50.8,72.9,,,,2025,,,,-4.9902620709449,73.3,76.9
Maryland,118.404310163,92.12294733901,0.94716413342223,25–8,25,33,53.8,47,32.9,25.9,14.5,20.2,31,27.2,70.7,52.7,47.6,37.2,30.7,12,6.4,50.4,49.4,35.5,35.8,70.6,,,,2025,,,,5.1618753213366,75.5,73.9
Rice,105.67733952994,107.47652364572,0.45161625765325,13–18,13,31,48.6,47.8,43.3,35.9,17.8,14,33.7,29.6,65.9,47.8,47.5,33.2,32.1,8.5,10,50.9,47.7,38.8,36.9,66.1,,,,2025,,,,-13.037239414901,68.3,71.5
"Abilene Christian",98.150286524259,101.69397707736,0.39941942737294,13–16,13,29,46.7,51.4,37.2,51.3,20.7,24,30,31.5,70.1,47.8,52.6,28.9,32.6,8.4,11.2,51.6,51.6,25.3,32.5,69.9,,,,2025,,,,-10.427738310777,71.9,69.2
Rider,101.2560789343,114.53363011747,0.19513528488117,14–19,14,33,47.7,53.1,29.6,27.3,17.2,16,32.2,30.7,65.3,48.1,52.8,31.2,35.7,9.1,8.8,51.1,53.9,30.1,40.9,65.6,,,,2025,,,,-14.579760832465,72.2,69.1
"Boston College",105.25804321857,106.82608689261,0.45758876514846,12–19,12,31,48.9,51.9,31.5,37.1,17.3,15.5,28.8,30,66.9,47.5,51.3,34.5,35.2,10.5,8,45.3,48.4,33,35.9,67.4,,,,2025,,,,-9.9957009000092,71.9,71.7
Arizona,123.10871480764,96.306980056147,0.94393580601183,22–12,22,34,52.9,48.6,36.6,29.2,16.2,16.6,35.9,28.5,70.2,55.1,47.2,32.4,33.6,12,6.7,56.7,53.2,34.6,41.9,70.6,,,,2025,,,,5.4461996822615,78.4,71.4
"Penn St.",114.16980038137,100.57728379429,0.81118746127254,16–15,16,31,54.1,51.9,37.9,29.4,17.4,19.8,28.6,29.1,71,55.6,51.3,34.3,35.3,11.3,8.7,57.8,63.9,36.2,38.3,70.9,,,,2025,,,,-3.2199705427185,75.6,72.6
Hawaii,102.44822241873,107.61572856302,0.3621818381589,13–16,13,29,50.6,49.5,39.9,33.7,20.7,13.1,31,24.9,66.9,53.1,48,31,35,5.9,7.9,49.4,41.6,37.4,32.4,66.6,,,,2025,,,,-11.10721325887,74.4,74.3
"San Diego",99.21452386703,110.11035542162,0.23178047703566,5–27,5,32,45.7,54,30.5,46.1,18.4,18.5,29.9,31.6,71.8,46.3,51.6,29.7,38.5,10.1,9.5,45.8,57.2,35.8,38.3,71.7,,,,2025,,,,-19.496276721835,75.1,73.4
"UC Davis",96.458238926777,103.23312685225,0.3141871675123,13–17,13,30,46.3,50,38.3,39.2,19.7,21.8,27.6,33.6,68.3,45.1,48.3,32.2,35.2,10.1,7.1,47.5,54.8,35.5,37.7,67.9,,,,2025,,,,-11.368758097023,74.4,75.8
LSU,108.52300214093,99.429989638635,0.73230451279155,14–18,14,32,51.1,48.3,32.5,29.5,18.6,16.5,29.5,34.3,69.5,55.2,48.2,30.5,32.3,11.7,9.9,48.8,47.4,43.5,35.8,68.8,,,,2025,,,,-3.8873714968062,71.4,70.6
"Fresno St.",100.17436619692,108.11401564921,0.29376841114106,6–26,6,32,46.1,54,36.4,23.5,17.7,18,27,34,70.8,45.6,56,31.3,34.2,8.7,10.6,44,57.6,35.3,43,71.5,,,,2025,,,,-16.470894541362,69.2,72.2
UMKC,100.74108129793,106.00594556961,0.35759282482953,9–20,9,29,48.4,51.2,30.9,35.2,18.6,17.1,32.8,29.7,65.7,47.5,53.6,33.1,31.8,9.9,8.1,48.1,47.9,44,40.8,65.1,,,,2025,,,,-14.708761541883,76.9,73
Baylor,120.5926615671,99.328875115231,0.90298097163863,18–14,18,32,51.5,51.2,31,33.5,16.1,18.8,35.6,31.2,65.4,51.2,49.8,34.7,35.4,8.3,11,53.5,59.9,40.2,40.8,65.4,,,,2025,,,,2.061543766178,74.6,69.9
"Oral Roberts",104.23327517159,116.4701804074,0.218139018413,4–22,4,26,50,55,35,38.2,16.3,13.9,22.6,33.1,68.1,48.5,56.6,34.4,35,7.1,10.2,39.8,54.2,45.7,40.2,67.9,,,,2025,,,,-16.168910055561,75.9,77.2
Ohio,106.71113503495,107.79345003776,0.47101978553806,15–16,15,31,53.4,52.3,33.5,36.4,14.9,17.8,23.9,29,71.5,53.9,50.4,35,37.6,7.2,8.7,49.4,47.5,40.1,32.6,71,,,,2025,,,,-11.5966551522,76.5,70.4
Winthrop,106.86993989596,108.60317547624,0.45387829334545,20–11,20,31,53.3,51.4,47.7,37.1,17.7,18.7,31.2,31.5,73.8,55,50.6,33.8,35.2,8.7,11,43.8,46.4,38.3,37.9,73.4,,,,2025,,,,-6.1564130940633,66.2,72.5
"Northern Illinois",93.844426874657,112.13739180776,0.11425521088767,3–25,3,28,47.1,53.2,31.6,44,16.3,16.6,17.8,30.8,70.1,45.3,51,32.7,38,9.5,9.8,52.3,54.6,49.2,37.5,69.6,,,,2025,,,,-20.818786119067,70.8,71.5
"Georgia Tech",106.85350966541,100.41202843304,0.67151241520319,17–16,17,33,50.4,48.8,31.2,28.5,17.4,15.6,30.5,28.6,69.1,49.9,46.7,34.1,34.6,10.2,9.7,55.4,54.7,36.2,40.5,69.4,,,,2025,,,,-5.2336688403201,68.6,72.7
"Kent St.",104.5574157696,100.94968621765,0.5996032722245,20–11,20,31,48.7,48.4,30,39.2,17.3,18.9,35.7,28.3,67.6,50.4,49.4,30.5,31.3,10.1,8.6,46.1,56.8,37.7,41.7,66.5,,,,2025,,,,-5.7389212363439,75.5,75.1
"High Point",117.53077847682,108.75066819926,0.70948578202016,27–5,27,32,56.4,49.1,37.6,36.3,15.3,16.5,34,29.9,67.2,57.4,48.9,36.6,32.9,7.2,8,44.9,43.1,39,36,67.2,,,,2025,,,,-1.6922113467574,76.4,70.5
"Weber St.",101.41657517048,112.16743255092,0.23890436479305,9–22,9,31,50.2,53.4,34.7,37.2,16.9,16.5,24.4,30.1,65.8,51.1,52.2,32.4,36.7,6.9,9.7,42.7,55,37.2,43,66.2,,,,2025,,,,-17.034452944183,70.1,73.6
Maine,99.003973825326,104.22544150941,0.35639233974098,18–14,18,32,51.6,50.4,28.2,29,15.5,21.9,21.8,32.3,66.5,50.6,50.7,35.7,33.3,9.9,7.4,55.3,54.3,33,36.2,66.7,,,,2025,,,,-10.211563096954,72.8,71.9
Radford,109.38037252387,109.41736831618,0.49902775257707,18–13,18,31,51.1,51,41.3,37,17.7,16.5,33.8,30,64.3,49.9,49.3,35.6,35.8,8.8,8.4,44.3,48,36.3,40.1,63.7,,,,2025,,,,-7.2293581045681,76.1,75.4
Kansas,115.85182302467,92.474725398749,0.93033399002699,21–12,21,33,53.1,46.2,24.3,28,16.7,15.6,30.4,27.5,69.2,53.4,46.1,35.2,30.9,13.1,9,60.9,52.8,34.3,40.7,69,,,,2025,,,,4.1899438982615,71.1,72.7
SMU,116.60708182522,100.87241762708,0.84117076239974,23–10,23,33,54.7,47.8,36.7,32.5,17.4,17.9,36.7,30.5,69.1,53.7,46.8,37.6,32.9,10.3,10.1,55.1,61.6,35.1,41,69.6,,,,2025,,,,-0.47957519660709,72.1,74.6
Richmond,103.01646375705,108.60772716318,0.3525571005828,8–22,8,30,48.4,52.7,29.7,37.1,15.4,15.8,19.3,27.7,64.2,49.7,52.4,31.2,35.4,7.2,9.7,51.7,52.5,45.6,48.6,64.5,,,,2025,,,,-15.043427358513,80.8,72.3
Providence,110.56128178462,104.61533848351,0.65378473066824,12–20,12,32,52.1,49.5,29.6,32.8,19,13.8,33.2,28.7,66.6,51.1,49,35.6,33.5,9.2,9.3,51.2,48.9,45.5,37,66.9,,,,2025,,,,-8.4866929092913,68.6,72.6
Louisville,117.83839528476,95.341935887431,0.91954719246119,27–7,27,34,53.4,49.2,34.5,26.8,16.5,18.6,32.2,27.2,69,57,48.3,33,33.7,8.1,9.7,51.9,46.6,48.1,39.7,69.6,,,,2025,,,,5.4917337391056,74.4,71.4
Davidson,109.87739904422,107.24683532282,0.56922003147675,16–16,16,32,52.4,52.3,29.2,28.1,14.6,15.4,24.4,26.9,66.3,53.3,51.9,34.1,35.3,7.3,8.8,56.9,49.2,42.1,39.9,66.4,,,,2025,,,,-9.1888855170691,75,70
"North Florida",108.34128964562,117.34293994046,0.2853929357371,13–17,13,30,53.2,54.1,24.8,31.1,15,14.7,27.9,34.2,72.6,54,54.5,35,35.5,7,12.8,53.6,54.3,54,31.1,72.9,,,,2025,,,,-11.500971481386,67.9,72.5
"Missouri St.",102.1837502151,105.93056926682,0.39792250666177,7–23,7,30,50.9,54.7,34.3,38.5,20.7,19.1,32,28.4,64.3,49.1,55,36,36.1,8.4,11.9,49.9,55.3,37,39.4,64.5,,,,2025,,,,-16.910823133252,65.4,70.9
Vanderbilt,118.10402683317,101.0133875021,0.85785613855823,20–12,20,32,51.7,52.9,34,39,14.7,20,32.2,29.7,70.2,53.6,51.5,32.5,36.9,11.4,11.4,50.1,47.3,40.2,37.5,70.3,,,,2025,,,,1.5986368822103,74.7,72
"Washington St.",112.7742078228,105.43598544263,0.68433415477047,19–14,19,33,56.7,51.3,32.4,32.6,20.4,17.3,31.3,33.4,71.5,58,52,36.5,33.5,13,8,59.3,50.1,41.5,38.8,71.4,,,,2025,,,,-4.7011114062161,69.8,72
Akron,113.38973650894,106.34637936974,0.67644628764602,26–6,26,32,55.4,49.5,26.8,33.7,16.6,17.2,33.3,29,72.4,55.8,50.6,36.6,31.9,9.8,7,58.5,44.7,45.4,38,71.9,,,,2025,,,,-1.5812848723413,74.9,73
"Bowling Green",100.20186277775,109.30905253331,0.26886022679108,12–18,12,30,49.9,52.6,34.5,29.8,17.5,17.3,25.6,27.4,69.9,49.6,54.6,33.5,33.2,9.4,12.2,43.6,54.9,39.7,42.4,69.5,,,,2025,,,,-14.176987289501,74.7,78.5
Memphis,112.31458226802,98.775728945506,0.81414861350594,29–5,29,34,53.6,48.5,39.4,33.6,19.2,19.1,35.1,32.3,71.4,52,48.6,38,32.2,13.1,9.4,52,54.1,33.1,40.7,71.4,,,,2025,,,,4.9672278142376,70.2,71.1
"Central Arkansas",96.885591735511,116.34902280351,0.10858931192783,7–24,7,31,47.4,56.8,28.8,22.6,18.2,16.7,28.6,30,67.4,50.2,55.4,29.6,38.7,8.1,12.5,56.1,61.5,47.8,52.1,67,,,,2025,,,,-18.328859634607,72,72.4
"Murray St.",105.45727536665,104.81543346119,0.51754429905021,15–17,15,32,49.3,51.2,41.2,35.5,16.9,17.3,29.1,26.4,65.3,48.6,52.6,33.6,32.1,7.9,10.5,49,37.7,40.1,32.1,65.4,,,,2025,,,,-10.148534954242,72.2,74.2
American,101.64506931125,108.01905780525,0.33193698327669,20–12,20,32,51.8,52.1,29.5,34.1,16.8,17.6,23.8,27.4,63.7,51.1,53.1,35.1,33.6,5.3,9.5,52.1,50.4,44.8,35.7,64.2,,,,2025,,,,-8.2317112574191,75.9,69.2
"Notre Dame",111.10213173331,103.97684188473,0.68183972636115,15–18,15,33,51.7,51.4,31.8,30,16.5,14.9,29.6,26,65.4,50.8,53.6,35.5,32.1,5.1,9.1,44.2,55.1,37.5,40.5,65.4,,,,2025,,,,-7.0846477817851,74,75.4
Creighton,116.61107006929,98.27651882773,0.8773078371288,24–10,24,34,55.8,47,28.5,16.9,18.1,11.7,26.9,27.2,67.6,60.5,45.8,33.9,32.7,10.7,10.9,63.4,43.3,49,35.2,67.9,,,,2025,,,,3.0490860429246,73.3,71.4
Duke,127.20818995112,90.941186210062,0.9793573748201,31–3,31,34,57.4,44.5,32.1,25.4,14.4,17.7,35.2,26.5,66.6,58,43.4,37.7,30.9,10.6,9.7,58.1,51.4,45.4,37.9,66.5,,,,2025,,,,9.4742810703959,78.4,71.5
"Indiana St.",108.56708047655,112.06466368458,0.40983682491998,12–18,12,30,54.6,54.3,35.9,38.8,19.5,15.8,26.2,27,72.1,56.6,54.5,35,35.9,5.4,11.7,57.8,48.8,50.1,38,73,,,,2025,,,,-12.037735237945,75.3,71.4
UCLA,117.19420392338,94.570203748344,0.92176942875498,22–10,22,32,53,50.5,32.9,34.6,15.9,22.8,32.8,29.2,66.6,53.1,51.2,35.2,33.2,10.5,7,60.5,57.8,36,44.8,65.8,,,,2025,,,,3.8746040229575,70.3,74.9
Pacific,100.87613070911,110.7276158024,0.25510476307687,7–24,7,31,48.1,53.2,32.8,37.1,19.3,15.4,28.8,28.2,67.9,50.3,52.9,29.7,35.8,7.9,9,49.7,60.3,37.8,39.5,67.2,,,,2025,,,,-15.595954978304,73.4,77.2
"Texas A&M",115.38868270346,93.554133713936,0.91776115816941,22–10,22,32,47.5,48.2,41.7,35.3,18.2,19.7,42,27.8,67.5,48,46.5,31.1,33.4,13.9,14.8,47.7,64.8,37.6,47,66.9,,,,2025,,,,5.4646006997065,69.5,76.8
"North Texas",109.55844656817,98.525255572015,0.77218149824581,22–8,22,30,51.6,46.8,36.6,39.5,17,19.5,33.1,27.7,60.9,50.5,47.6,35.7,30.3,8.2,8.9,45.8,46.7,37.3,37.7,61.1,,,,2025,,,,-1.667402763091,77.6,75.3
Nevada,112.13822912308,103.70545902695,0.71075253999107,17–16,17,33,53.7,51.3,37.3,37.9,15.5,18.7,27.4,26.5,64.9,55.3,49.5,34.1,35.7,12.4,7.5,58.8,62.3,37.5,44.7,64.6,,,,2025,,,,-6.4563899952005,70.3,72
UTSA,107.03415951855,109.52938717182,0.43413109947974,10–19,10,29,49.7,53.3,29,43.9,15.7,20.6,27,35.5,69.7,46.1,53.2,36.1,35.7,9.7,12.8,48.1,58,44.1,37.9,70.4,,,,2025,,,,-12.603548030102,79.1,72.8
"Mississippi Valley St.",83.255151669184,125.3203563333,0.0089858476655564,1–28,1,29,42.1,57.9,30.3,38.4,24.3,15,22.7,38,66.1,41.6,58.8,28.8,37.7,4.9,10.5,41.7,52.9,30.6,38.4,65.5,,,,2025,,,,-21.017694351852,66.9,68.1
"Gardner Webb",102.46748590331,110.3636714739,0.29865559610927,11–20,11,31,51.9,52,36.2,37.2,20.8,14.8,33.4,30.2,70.2,53.1,54.2,33,32.3,8.8,8.5,39.4,50.6,33.1,38,69.8,,,,2025,,,,-14.847844286819,69.2,70.5
"Prairie View A&M",97.407038505664,117.40651129271,0.10455993821869,4–27,4,31,48.2,56.2,33.8,40.5,16.7,20,24.5,39.1,71.4,48.6,57.6,31.5,35.7,8.3,9.5,47.5,52.2,33.7,32.7,71,,,,2025,,,,-21.190344594729,69.1,69.8
Chattanooga,113.35295869168,111.11617004364,0.55704993705938,22–9,22,31,56.5,51.2,31.5,33.8,15.4,16.2,25.8,29.9,67.4,57.5,50,36.8,35.4,8.6,8.7,60.8,49.6,45.3,41,67.3,,,,2025,,,,-3.9536460574769,76.9,70.1
"Georgia Southern",102.31914003182,109.20406544903,0.32106153306824,16–16,16,32,50.6,50.1,26.5,43.1,19,18.4,33,33,70,49.8,51.2,34.5,32.3,10.7,11.9,50.3,51.2,44.3,40.1,70.3,,,,2025,,,,-11.176547719465,65.1,71.4
"Northern Arizona",103.99561330562,110.56725130688,0.33077872696854,14–15,14,29,50.3,53.3,29.6,34.3,15.4,14.8,31.5,23.8,67.1,49.4,52.8,34.5,36,3.6,8.9,52.4,50.9,38.2,37,67.4,,,,2025,,,,-11.45127727616,66.2,71.6
Nebraska,112.0554715794,98.238409821594,0.81955901831195,17–14,17,31,51.5,50.9,36,27,16.2,17.6,26.8,28.8,68.9,53.3,50.6,32.5,34.1,9.1,8.8,52.5,53.6,38.5,46.2,68.3,,,,2025,,,,-0.92169133893481,74.8,70.5
Yale,114.06431556894,103.82388006472,0.74682770985221,21–7,21,28,54.8,48.8,32,28.7,14.4,16.1,33.2,25.8,68.8,53.4,47.3,38.5,33.7,11.8,7.6,53.4,58.8,32,48,68,,,,2025,,,,-2.5597514005243,73.6,76.6
"Tennessee Martin",101.83614136853,111.623038385,0.2582148575646,11–19,11,30,47.6,52.3,34.4,33.9,19.5,18.9,34.7,30.8,66.8,48.5,52,31.1,35,8.4,14.4,51.1,57,47.3,48.2,67,,,,2025,,,,-15.372490407674,69.4,70.6
"Morehead St.",98.405454779143,111.12996254903,0.19806261730584,12–17,12,29,45.9,50.3,37.6,34.7,18.4,14.4,31.2,25.4,64.9,45.5,49.9,31.2,34.1,6.4,9.8,48.1,46,34.1,33.4,64.8,,,,2025,,,,-13.092811995057,67.4,75.1
Tennessee,118.71065147379,90.468556619908,0.95788794842783,27–7,27,34,52.8,44.4,35.4,29.4,16,17.8,35.4,30.1,65.5,54.1,46.7,34,27.8,16.1,9.1,60.2,46.5,43,45.1,64.6,,,,2025,,,,9.3279204399882,74.3,74
"Texas St.",108.43221081725,111.8304416164,0.41220096562501,14–16,14,30,50.7,49.9,36,41.6,18.1,16.1,35.2,31.5,66.8,49.3,47.4,36.4,36.1,11.2,10,52.6,50.7,27.8,36.4,66.7,,,,2025,,,,-11.400297754824,76,72
"Jackson St.",99.291241185503,107.31386206624,0.2903766630701,16–18,16,34,47.7,50.6,37.5,30.6,19.5,17.4,30.1,30,70.1,47.1,50.3,32.6,34.1,9.6,9.1,49.7,55.9,33.7,41.7,69.2,,,,2025,,,,-10.575787550115,73,70.7
Mississippi,116.99776372456,96.517077804289,0.90141093145222,22–11,22,33,51.1,50.5,35.6,39.5,12.8,20.5,25.4,30.8,69.3,51,51.6,34.1,32.7,12.4,11.2,53.5,58.3,40.2,44,68.8,,,,2025,,,,4.9317878367242,73.8,70.5
Wyoming,103.16400736489,105.00522056442,0.44931580949826,11–20,11,31,50.3,51,30.4,41.1,19.9,15.8,30,27.2,65.2,49.5,51.7,34.4,33.3,8.2,9.8,48.2,47.1,40.7,37.3,65.3,,,,2025,,,,-10.912208514574,65.2,71.7
Minnesota,109.74583138555,101.33148428529,0.71450263483462,15–17,15,32,49.9,50.1,31.5,33,16.6,16.3,30.2,30.6,63.8,50.7,49.2,32.2,34.5,12.9,10.1,61.3,60.4,35.9,34.3,63.4,,,,2025,,,,-3.8867055429877,66.4,74.3
Illinois,122.02329059649,96.826602188944,0.9346146969233,21–12,21,33,52.3,47.3,34.6,26.8,15.8,12.7,36,26.3,72.3,57.3,46.1,31.1,33.3,9.1,8.8,51.9,45.8,46.9,30.4,72.1,,,,2025,,,,3.9754871343365,75.9,71.2
LIU,94.934473168448,104.47797223351,0.24944440961591,15–16,15,31,47.7,48,27.6,43.5,20.1,19.2,32.3,27,65.1,48.8,48.8,30.3,31.2,11,10.2,44.2,59.8,33.4,39.8,65.6,,,,2025,,,,-12.594447254155,73,75.3
UTEP,106.16347882551,103.65884787986,0.56821253688289,15–15,15,30,49.3,52.4,37,40,16.6,22,25.4,32.4,68.9,47.7,54,34.6,33.4,8.9,9.7,51,57.7,36.2,41.2,69.2,,,,2025,,,,-8.4377249231296,71.9,71.5
"Loyola Chicago",107.13018918999,102.09322481955,0.63502191352348,21–11,21,32,52.6,49,31.7,33.2,17.6,17.9,29.9,27.5,67.3,53,48.3,34.7,33.3,13.6,9.7,60.3,50.1,42,40.4,67.6,,,,2025,,,,-4.7455934796115,66.4,72.3
Texas,116.64278349323,99.847706931905,0.85667028420429,19–15,19,34,52.5,48.4,36.6,39.3,14.3,16.6,29.8,29.7,68.4,51.8,47.5,36,33.3,11.7,8.2,47.5,48.3,35.4,36.2,68.1,,,,2025,,,,0.15372977606464,74.9,70.1
"Maryland Eastern Shore",95.614891194665,119.03910149131,0.074473481918463,2–25,2,27,45.7,55.3,35.6,40.6,19.7,15.5,27.1,34.1,67.4,44.7,58.6,31.5,33.3,5.7,8.9,46.4,57.2,37.2,37.7,66.8,,,,2025,,,,-19.299809087127,66.7,71.3
"Western Illinois",99.266199963399,117.02162461065,0.13097487186732,9–19,9,28,50.1,51.1,27.2,30.6,18.2,14.4,28.1,31.8,65.1,46.7,50.2,37.3,35.1,9.2,7.5,39.2,47.6,37.2,34.8,65.1,,,,2025,,,,-16.220255878927,69.2,73.8
"Fairleigh Dickinson",98.586190273763,110.74269056158,0.20797098422677,10–20,10,30,49.1,50.5,32.1,30.4,17.1,17.6,25.9,32,68.6,49.7,53.3,32.2,30.3,6.9,9.4,53.6,50.4,41.5,35.6,70,,,,2025,,,,-15.660559274999,71.5,76
Cornell,114.49340166255,110.85009841359,0.59191589331956,16–11,16,27,58.7,52.2,28.6,31.3,16.8,15.3,25.5,28.9,72.1,61.1,52.3,37.4,34.7,8.1,6.5,60.7,53.9,48.6,39.1,71.4,,,,2025,,,,-7.137084680662,76.2,70
"West Virginia",110.25203674332,92.192019082297,0.88668290167782,19–13,19,32,50,46.3,25.6,32.2,16.2,19.4,25.9,30.8,65.2,50.9,47.3,32.6,29.7,11.6,9.4,56.5,46.2,46.1,36.5,64.9,,,,2025,,,,1.5063090660762,72,74
Oklahoma,117.5054371149,101.29080324582,0.84652776622796,20–13,20,33,54.9,51.1,39.6,35.8,17.3,18.1,26.5,31.7,70,54.6,54.9,37,30.5,6.8,10.4,52,47.3,41.9,41.9,69.2,,,,2025,,,,2.1580615760038,79.4,72.9
Queens,105.29424514431,108.95191511131,0.40306736884904,17–14,17,31,52.3,51.7,33.7,32.1,18,16,31.1,28.7,69.5,52.6,51.4,34.6,34.8,13.9,10.4,59.8,46.3,44.2,37.8,69.2,,,,2025,,,,-8.6694867396694,69.1,70.3
"Southern Illinois",105.86689909545,107.41489734985,0.45836244582864,12–19,12,31,51.6,52.6,34.2,33.7,18.3,15.2,30.3,28,68.1,51,51.5,35.1,36.1,8.5,8.3,52.3,53.7,33.6,39.8,68.6,,,,2025,,,,-12.491211911165,67.8,70.9
"San Diego St.",108.76481804613,94.091251312677,0.8411236912272,20–9,20,29,50.6,45.3,32.1,37.2,16.8,19.7,29.4,30.9,66.1,51.6,45,32.8,30.4,18.6,8.7,50.9,50.1,39.4,47.3,66.6,,,,2025,,,,0.98177075186704,66.7,70
"Nebraska Omaha",111.12092865345,108.99602645917,0.55528249612887,20–12,20,32,53.5,53.1,36.4,37.7,15.7,14.9,29.2,25.4,69.1,52.5,53.5,36.7,35.1,7.3,8.3,49.5,51.5,38.6,44.5,68.5,,,,2025,,,,-6.3976645311078,73.3,71.9
DePaul,109.38310770066,104.17661022002,0.63664724959234,14–19,14,33,52.7,51.4,27.4,28.9,17.9,15.5,27.2,28.7,67.6,53.3,51.3,34.6,34.4,9.4,10.5,60.2,54.3,46.4,35.5,67.8,,,,2025,,,,-7.4398132170271,70.6,70.3
"UT Rio Grande Valley",105.69726311311,109.14585858891,0.40872936218989,12–15,12,27,51.7,51.4,22.7,29.9,19.2,17.6,30.8,33.9,70.8,55.4,52,31.8,33.4,6.8,7.8,57,51.3,49,35.1,71.2,,,,2025,,,,-9.7071406891457,71.1,74.4
"Chicago St.",91.803428221915,114.52112397778,0.072914314615673,4–28,4,32,44.4,54.9,26.8,36.9,18.5,18.2,22.6,33.6,69,43.4,55.7,30.6,35.8,10.2,8.9,48.5,57.5,40.9,39.4,69.3,,,,2025,,,,-21.716142704547,70.5,72.1
"South Dakota",109.17445616368,115.13476964685,0.35176346154537,16–14,16,30,50.1,54.8,45.4,35.2,12.6,17.3,30,35.7,75,51.7,55.4,31.6,35.9,7.8,8.5,39.5,50.8,37.5,38.9,75.2,,,,2025,,,,-8.8032554780522,71.4,71.8
"Montana St.",104.84449115463,106.70148411483,0.44969482675943,14–18,14,32,52.8,48.8,31.9,31.9,15.1,15.3,20.7,29.4,66.6,53.8,50.6,34.3,29.8,9,7.4,52,46,43,32,66.7,,,,2025,,,,-11.941479665673,72.5,77.2
"Oklahoma St.",107.50213398616,100.18506764181,0.69224859105883,15–17,15,32,48.3,53.5,41.6,36.2,19.1,20.6,31,29.4,71.8,48,54.6,32.5,34.8,8.6,11.4,51.7,55.2,35.1,43.7,72,,,,2025,,,,-3.4394204574203,72.3,71.4
Wagner,92.569796947319,108.39150036598,0.14008939565524,10–16,10,26,43.7,50.4,29.3,39.9,19.4,18.2,31.7,25,60.5,41.5,50.8,31.6,33.2,5.1,9.9,54.8,56,37.6,42.9,60.8,,,,2025,,,,-13.001930988568,71.1,72.8
"Bethune Cookman",97.167188269574,107.36452989926,0.24091620861614,17–16,17,33,48.2,48.8,35.9,32.4,19.5,16.7,28.8,30,69.6,48.4,49.8,31.9,31.3,9.7,10,52.9,53.2,33.9,36.9,69.6,,,,2025,,,,-10.066059270556,69,72.5
Wofford,111.11347132616,109.6095546168,0.53909877386901,17–15,17,32,53.3,51.8,31.1,36.2,16.9,14.9,35.5,26.2,64.6,54.6,51.8,34.5,34.5,8.8,9.7,55,49.3,47.7,45.8,64.7,,,,2025,,,,-9.5694511148057,66.8,69.2
"Cal Poly",108.25697696725,111.25125440984,0.42219750913384,15–19,15,34,55.2,53.2,26.8,32.4,20.7,19.1,27.6,33.2,74.7,56,54.3,36.3,34.4,5.4,10.2,52.9,50.3,51.1,39.9,75.2,,,,2025,,,,-11.751084072095,76.9,76
Towson,105.17035087508,106.52189150693,0.46335468272385,21–11,21,32,47.9,50.8,28.4,30.7,14.5,17.3,35.3,28,64.1,46.7,50.7,33.4,34.1,9.7,8.1,41.4,46.2,37.2,38.8,64.3,,,,2025,,,,-5.754750331166,68.2,70.6
"Delaware St.",100.43018472509,114.25346943026,0.18497459697911,12–14,12,26,48.8,53.8,36.3,40.3,18.1,20,34,32.1,71.3,47.6,56.3,35.5,33.5,6.4,6.5,44.8,57.4,20.7,41.1,70.8,,,,2025,,,,-10.924381996946,72.3,73.7
"Norfolk St.",106.64672418057,108.8128243194,0.44244724343043,21–10,21,31,52.4,49.7,39,34.9,18.3,18.6,32.8,33.8,67.4,54.5,48.9,31.3,33.9,9,9.3,49.3,59.2,27.7,42.7,67.1,,,,2025,,,,-5.2918852916346,75.3,71
Vermont,98.974191576771,104.46251833268,0.34963457333757,19–12,19,31,49,48.8,29.8,27.1,17.3,15.7,26.2,25.8,63.9,49.5,48.3,32.3,33,12.4,11.6,49.6,45.1,43.5,38.6,63.3,,,,2025,,,,-8.0409769255358,72.1,72.7
Liberty,112.46623902935,98.271079088447,0.82514730107474,25–6,25,31,58.4,45.9,30.9,26.3,15.3,16.9,18.9,28,66.4,57.7,48,39.5,28,7.8,9.1,61.2,39.4,47.7,34.4,66.1,,,,2025,,,,-0.15995676422055,65.4,73.6
"UNC Wilmington",111.84856201147,106.98279697343,0.62515676353066,25–7,25,32,52.2,50.9,37.8,30.3,16,17.4,35.4,28.1,66.3,53.8,50.4,33,34.4,10.6,9.5,54.4,48.3,36.2,42.6,65.9,,,,2025,,,,-3.166344419799,75.3,68.1
"Le Moyne",102.11397427299,120.7169074536,0.1273468123206,7–23,7,30,51.5,54.7,37.7,36.9,19.6,16.3,25.7,32.9,68.4,53.2,54.1,32.8,37,5.9,9,54.3,57.2,41.3,41.4,69.3,,,,2025,,,,-19.063535191989,71.1,73.3
Presbyterian,103.07146650873,110.96859928773,0.29964608054136,11–18,11,29,51.2,52.5,31.2,39.2,16.3,17.7,29.6,31.3,65.5,49.7,52.9,36,34.4,8.6,8.4,47.7,46.9,34.2,34.7,65.1,,,,2025,,,,-13.786500683483,68.1,71.7
Michigan,116.47320078272,94.220479266952,0.91969956210887,25–9,25,34,54.5,46.3,35,28.5,19.8,16,33.2,29.8,70.6,57.7,45.9,33.4,31.3,9.3,7.5,58.5,44.9,42.5,38.9,70.3,,,,2025,,,,6.8452766912537,72.8,73
Bellarmine,102.78753132949,121.57466525948,0.12670163228797,3–26,3,29,53.7,58.1,26.5,34.9,17.4,15.4,20.2,30,67.2,53.9,57.8,35.6,39,5.6,7.4,52.4,55.8,43.2,47.4,67,,,,2025,,,,-21.326515788769,76.6,76.2
"East Carolina",106.0814253669,108.22871818127,0.44263926395228,17–14,17,31,48.4,51.7,35.2,31.6,15.6,17.4,33.8,31.2,67.3,49.3,48.5,31.2,38.4,11.6,9.1,49.8,55.6,35.2,35.3,67.2,,,,2025,,,,-8.8638555864654,72.9,73.4
Northwestern,112.90703745714,97.890725675585,0.8376980724011,17–16,17,33,49.8,49.9,31.3,36.6,14.9,19.8,31.2,30.1,66.1,49.7,49.4,33.3,33.8,10.7,8.9,55.8,61,34.2,39.3,65.7,,,,2025,,,,-2.1592527555623,73.3,75
"Eastern Illinois",93.870206713514,106.44738708002,0.19062029996947,9–19,9,28,44.1,51,33,39.7,18.7,20.8,30,30.9,67,42.6,50.2,31.7,34.7,8.1,11.5,46,61.8,29.7,44.4,66.8,,,,2025,,,,-14.416522220259,69.3,71.1
Buffalo,95.887516160864,113.35529367821,0.12735618312803,7–22,7,29,48.8,54.2,32.7,31.2,19.5,16.2,24.8,31.3,72.2,51.3,53.4,30.5,37.2,8.7,10.3,52.9,52.8,43.9,35.2,71.3,,,,2025,,,,-17.206473181468,69.9,72.3
"Northern Kentucky",101.60863060036,108.20665415359,0.3266193326305,15–16,15,31,49.8,52.5,31.3,29.3,17.3,19.9,31,32.5,66.8,50,50.6,33,37,9.3,9,54.2,54,40,40.1,66.7,,,,2025,,,,-10.927725570238,67.2,74.1
Valparaiso,105.86958280096,109.85459831513,0.39533974465789,13–19,13,32,47.7,53.7,33.6,35.4,14,17.1,26.5,28.5,68.1,47.3,54.2,32.3,35.2,9.7,9,45.2,51.4,38.4,36,68.6,,,,2025,,,,-12.506742852392,79,70.5
Mercyhurst,99.403418869266,115.64458720451,0.1492680547345,12–16,12,28,48.6,55,30.9,38.3,16.4,20.3,22.2,33.3,64.5,45.8,56,35.7,35.7,6,8.2,57.8,55.5,36.4,39.8,65.3,,,,2025,,,,-12.55403883444,80.7,71.3
Elon,106.46500957293,110.36484139806,0.39802162083099,15–15,15,30,50.2,48.1,38.8,24.7,19,13.3,36.3,31.4,65.4,50.8,47.1,32.8,32.9,11.8,8.2,48.5,57.5,41.7,43.5,65.7,,,,2025,,,,-10.929511225418,75.7,71.5
"Appalachian St.",101.12266518407,100.56766025629,0.51581742467859,15–14,15,29,49.6,46.1,35.1,22.2,16.9,14.8,27.6,29.6,63.9,48.7,47,34,29.8,8.8,10.9,51.7,49.8,41.1,40.1,63.9,,,,2025,,,,-9.2776941650409,65.5,74.4
"West Georgia",96.822002330543,114.81539254495,0.12344650323645,5–25,5,30,47.2,56.1,28.8,36.3,16.3,16.6,26.1,29.2,68.9,48.4,56.9,29.7,36.8,9.3,7.5,51.2,57.3,30.1,43.7,68.8,,,,2025,,,,-20.394925556734,69,71.9
"Cleveland St.",102.63709964447,103.54568083697,0.47468310453768,18–12,18,30,49.3,50.6,31,38.1,18.3,22.3,34.5,34.1,66.1,49.6,49.8,32.5,34.5,14.1,10,52.3,56.3,32.7,40.4,66.2,,,,2025,,,,-7.4409512292127,72.1,70.5
"Mississippi St.",118.42761098244,98.632765370312,0.89122655308519,21–12,21,33,51.7,51.9,31.6,35.4,15.1,19,34.1,29.5,69.7,55.2,50.1,31.4,36.1,14.3,8.6,53.3,53.2,42.3,44.2,68.7,,,,2025,,,,3.0851662902035,70,69.5
"Utah Tech",101.50914040931,113.62659053701,0.21469730626951,5–26,5,31,48.8,53,33.7,41.1,18.3,17.4,26.2,33.5,68.6,47.9,53.7,33.4,34.4,8.5,11.1,51.6,50.3,39.8,31.5,68.1,,,,2025,,,,-19.869398994087,70.2,70.9
"St. John's",112.52886775886,89.727308532998,0.93111845360737,30–4,30,34,49.7,46.6,30.2,30.4,15.6,21.9,37.3,28.9,70.4,51.5,45.8,30.4,31.8,15.1,8.3,53.7,55.9,30.3,40.8,70.9,,,,2025,,,,7.8479426965291,68.9,67
"Long Beach St.",100.50145029413,113.99962203224,0.19011483078682,5–25,5,30,49.2,53.4,35.5,35.2,21.7,17.1,28.5,34.9,65.7,47,51.2,35.3,38.1,8.3,8,49.3,49.4,37.1,37.6,64.8,,,,2025,,,,-19.03732240981,75.5,73.8
Samford,111.23120201758,107.82870973502,0.58837950837243,20–10,20,30,54.6,53.2,29.3,41.8,18.3,21.8,34.6,33.5,71.6,54,53.8,36.9,35,11,10.3,55.9,59.4,46.7,43.8,71.6,,,,2025,,,,-4.7578791242209,72.1,70
"Eastern Washington",102.25486822345,111.25927827299,0.2747725830352,8–22,8,30,50.9,54.4,31.1,39.7,18.7,19,26.9,33.6,67.8,52.5,53.8,32.3,36.9,8.8,7.9,52.6,54.4,37.6,38.4,67.7,,,,2025,,,,-16.39464826118,77.3,73.4
"Kansas St.",109.84071110009,97.165358185864,0.80378097834866,16–17,16,33,50.6,49,27.6,28.6,17.7,18.1,29.4,31.7,67.9,51.8,49.9,32.5,31.5,9.2,10.1,59,55.3,40.2,35.7,67.7,,,,2025,,,,-2.4890424603485,69.1,73.4
Pepperdine,106.03118340982,109.18013432752,0.41664587834638,12–22,12,34,49.6,52.5,31.6,27.2,16.1,15.3,27.7,30,69.2,48.9,53.3,34,34.2,7.3,8.5,59.6,51.9,34.7,38.9,69.8,,,,2025,,,,-12.375570233715,71.6,75.2
Charleston,105.19912658789,104.77026133284,0.51174230801973,23–9,23,32,52.4,50.1,34.6,26.5,16.2,16.4,26.5,28.3,70.1,51.8,51.4,35.5,32.1,6.3,10,58.7,53.7,40,39.7,71,,,,2025,,,,-4.5288558529968,71.1,71.2
"UC San Diego",112.30845294873,97.799071980772,0.83073446089629,28–4,28,32,55.4,47.7,33.8,29.8,13.4,23.3,25.6,28.4,66.9,56.1,46.2,36.5,33.1,7.5,10.1,57.3,51.8,49.6,44.3,66.5,,,,2025,,,,0.94537087103798,74.6,75.4
"Grambling St.",95.594001034468,108.91673912151,0.18235884853185,9–22,9,31,47.3,49.3,35.1,31.3,19.2,18.3,26.3,31.1,66.1,46.9,47,32,35.7,9.8,10.2,48.5,52.6,35,35.6,64.6,,,,2025,,,,-16.751138355028,72.9,74.9
"Texas Southern",95.739062415384,105.52798507395,0.24609985367174,12–17,12,29,47.5,47.4,28.9,36.2,19.8,19.6,30.5,34.7,71.2,46.2,46.5,33.1,32.6,10,9.7,51.8,55.7,35.8,41.3,70.6,,,,2025,,,,-11.869966262529,72,68.5
"Central Connecticut",99.155497259093,101.73948481756,0.42657204008315,23–7,23,30,52.2,47.7,25.9,18.9,17.2,18.1,26.5,25.3,66.1,53.7,49,32.9,30.6,12.1,6,50.4,52.6,34.8,42,66.3,,,,2025,,,,-4.603059362768,74.5,68.3
VMI,98.641246565444,111.73943482609,0.19250384242763,11–19,11,30,48.5,54.2,37.5,30.5,18,17.6,25.2,32.1,68,50.3,56.3,31,34.5,8.4,10.3,48.5,64.7,46.9,47.5,68.8,,,,2025,,,,-14.699315409005,76.7,65.1
Auburn,129.53350031578,93.273899251494,0.9776120713826,28–5,28,33,55.7,46,33.5,39.2,13.4,17.4,34.3,30.3,68.9,56.1,47.2,36.8,29.2,16.5,7.5,55.5,40.2,40.6,34.8,68.6,,,,2025,,,,12.703696947375,74,73.5
"New Orleans",99.393993641174,116.51561410865,0.13850814633939,4–27,4,31,45.9,54.9,33.9,26.6,18.8,16.1,31.6,35.5,69.5,46,55.1,30.4,36.4,7.1,11.1,50.1,58.5,30.7,42.4,69.9,,,,2025,,,,-19.418958496276,66.9,72.2
"Idaho St.",105.21127456435,109.40386171657,0.38951037589036,12–15,12,27,47.8,54.1,34.4,32.7,16.3,17.9,38.3,25.9,66.7,48.3,53,31.2,37.3,12.2,10.4,47.9,53.9,36.6,37.7,66.6,,,,2025,,,,-10.463119528482,74.3,69.5
Columbia,105.50048034618,115.65710603031,0.25788035517959,10–15,10,25,52.6,56.4,29.5,25.4,15.4,16.4,25.9,26.7,71.4,53.9,54.6,33.8,39.2,5.8,10,60.1,63.7,39.1,41.8,71.5,,,,2025,,,,-11.271061021617,72.8,73.1
"IU Indy",108.67156493463,122.33869208714,0.20386240553996,7–22,7,29,50.4,57,34.1,35.1,15.7,16,30.6,33.6,65.9,46.2,57.8,36.8,37.3,5.9,13.8,53.2,59.2,47.3,40.8,65.6,,,,2025,,,,-17.454693752194,74.8,74.9
"Western Carolina",94.581590807762,111.88329903905,0.12653763917162,5–22,5,27,45.4,51.1,27,34,19,13.5,25.7,29.4,71.1,46.3,52.8,29.7,32.6,9,9.4,48.8,54.3,48.2,44,71.2,,,,2025,,,,-16.607228965459,73.5,74.5
"Eastern Kentucky",109.01586733629,111.15007488548,0.44448963977473,16–14,16,30,49.7,52.6,26,31.8,13.8,17.8,32.4,33.2,68,47.7,52.1,34.9,35.5,9.5,8.6,47,49.5,42.2,37.3,68.3,,,,2025,,,,-8.8265998254566,77.4,71.1
Penn,102.62851827137,115.49971712229,0.20444342869271,8–19,8,27,49.4,53,28.9,25.8,16.4,13.4,26.8,29.7,67.5,49.9,50.8,32.6,37.5,4.7,9.7,55.7,53.8,44.4,39.2,67.6,,,,2025,,,,-13.796368927257,69.7,77.3
"South Carolina St.",101.89258749119,104.65997640359,0.42356095156383,17–13,17,30,50.8,50.1,42.9,47,19.9,22.8,35.7,32.7,70.7,50.2,51.8,34.7,31.1,10,8.2,56.9,55.7,33,34.1,69.9,,,,2025,,,,-9.155778851488,70.2,69.7
Idaho,107.93079140033,115.07143918939,0.32372096003173,12–19,12,31,51.8,54,33.6,35.7,17.9,15.1,28.9,31.3,66.7,51.5,55.1,34.7,34.9,7.9,10.7,48.7,52.3,47.9,39.9,67.1,,,,2025,,,,-14.018357882478,76.1,69.3
"Stony Brook",100.95087218287,117.61517091166,0.14716439088869,7–24,7,31,47.7,56,31.6,28.4,18.3,14.9,29.5,31.2,64.6,45.7,57.2,33.8,36.3,6,11,48.8,58.7,39,42.3,65.2,,,,2025,,,,-19.538418582321,74.5,69.9
Evansville,97.789163976389,105.14874555322,0.30270173732617,10–21,10,31,48.8,50.2,31.1,34.6,17.7,16.7,22.6,29.2,66.9,51.5,49.4,29.9,34.1,13.9,7.6,52.6,54.8,40.6,44.9,67.6,,,,2025,,,,-14.63310926897,70.5,73.7
"Saint Peter's",95.133294357663,105.28624878254,0.23755270858396,11–16,11,27,44.7,47.3,34.7,37.6,20.7,17.6,37,31,64.5,42.4,47,32.2,31.9,10.6,12.3,45.3,51.1,38.5,38,64.5,,,,2025,,,,-13.277140263175,73.6,73.1
Virginia,110.06696412259,103.84967804065,0.66120342563822,15–17,15,32,52.7,50.8,26.4,28.8,16.4,15.7,22.4,29.7,61.6,49.9,50.6,37.5,34.1,11.3,9.4,63.6,50,42.8,38.7,61.7,,,,2025,,,,-5.7394524622501,75.3,75.5
UCF,114.76750421017,103.4295279016,0.76784911415652,17–16,17,33,49.4,51.1,36.3,30.8,17.2,18.1,32.4,34.4,72.8,48.6,52.1,33.6,33,11.1,10.4,53,53.5,41.3,37,72.4,,,,2025,,,,-1.9946517143871,77.7,73.4
Drexel,103.33351005566,105.50517739499,0.44048830450535,17–15,17,32,52.2,47.8,24.2,28.2,18.6,14.4,33,30.1,63.9,51.9,48.1,35,31.6,11.9,8.1,48.4,48.7,37.1,35.4,63.7,,,,2025,,,,-11.586116767571,69.8,69.2
"Charleston Southern",99.266669399714,111.5311764158,0.20756195200187,8–22,8,30,48.7,53.4,43.9,33.3,19.9,13.5,31.2,28.2,68.9,50.7,55.4,30.7,32.4,6.1,10.9,47.5,41.7,42,29.2,68.2,,,,2025,,,,-16.131016636441,66.3,69.8
"Northern Iowa",109.54608332523,104.09170211973,0.64275460616851,19–12,19,31,55.5,51.5,35.2,28.3,15.9,17.4,25.6,25.2,65.2,55.3,49.9,37.2,36,9,7.6,52.5,44.1,35.9,40.9,65.7,,,,2025,,,,-6.1749406046051,69,70.3
"South Carolina",109.49955601569,99.423982701121,0.75214068057193,12–20,12,32,48.9,51.5,43.3,30.4,18.4,15.6,30.4,27.3,66.8,49.8,51.1,31.6,34.8,7.8,13.9,54.7,49.9,39,34.6,66.1,,,,2025,,,,-5.5433648368194,71.5,71.1
Lamar,102.19559253468,102.12010823225,0.50212432106541,17–13,17,30,47.2,47.6,29,34.8,19,17.7,35.5,31.8,65.8,44.3,47.9,35.6,31.4,14.7,9.8,56.6,55.6,32.8,39.1,66,,,,2025,,,,-6.9100893729001,69.9,67.4
Kentucky,123.94440296594,98.803305513275,0.93131543121789,22–11,22,33,56,50.4,35.9,31,15.2,14,28.7,25.9,72.7,55.9,53.7,37.4,30.8,11.3,8,56.7,46.3,41.7,43.5,71.6,,,,2025,,,,5.6222503575468,73.8,72
Lafayette,97.474852733305,108.68113329498,0.22244516189282,12–20,12,32,50.2,50.4,30.5,26.9,16.6,16.7,24,28,65.9,49.7,48.3,34,35.8,9.9,6.5,59.4,54.3,40.3,37.9,66.8,,,,2025,,,,-16.770638602261,69.2,73.5
VCU,114.9003983956,96.10362553576,0.8863858221432,27–6,27,33,52.4,44.4,32.2,36.1,16.8,20.6,36.7,30,66.4,54.2,43.6,33.5,30.6,15.6,7.7,56.5,46.1,47.4,35.3,66.9,,,,2025,,,,1.0476680125912,74.5,72
Wisconsin,122.64837749817,96.686168991027,0.93907710646677,26–9,26,35,53.6,47.9,33.8,28.1,14.1,14.5,28,26.6,68.6,54.7,46.8,34.9,33,6.1,10.8,54.9,49.3,48.1,39.1,68.3,,,,2025,,,,6.5661341592048,82.8,72.3
Alabama,127.22616805199,96.287165741308,0.96099427974662,25–8,25,33,56.3,47.9,40.1,33.9,16.7,13.5,34.7,29.2,76.3,59.7,48.8,35,30.8,10.1,12.2,54.1,43.8,46.2,35.1,75.4,,,,2025,,,,10.117198833602,71.6,70.4
"Tennessee Tech",101.41450498841,111.82274653266,0.24535579661855,13–17,13,30,50.7,49.6,28.8,22.2,17.4,15.2,25,32.4,68.5,49,50.6,35.1,31.9,6.4,9.5,59.3,47.5,46.4,34.1,68.5,,,,2025,,,,-13.143678517942,70.8,74.4
NJIT,93.314806648571,112.8627907934,0.10090297669436,5–25,5,30,45.3,50,27.4,38.6,18,13.8,27.7,31.8,66.8,45,51.9,30.5,31,9.2,10.2,41.9,50.6,37.8,35.2,67,,,,2025,,,,-21.466282181074,73,68.8
"North Alabama",111.03507051414,106.98238590166,0.60529847483042,22–10,22,32,51.7,50.5,30.8,27.6,12.5,16.8,33.5,29,67.2,51.5,51.7,34.8,32.6,9.6,9.4,42.4,51.6,34.8,43.3,67.2,,,,2025,,,,-5.7824551773388,70,70.2
"Alabama A&M",92.907112431954,114.59032531267,0.082241327520325,7–22,7,29,45.1,54.3,38.6,46.7,21.9,21,33.9,34.6,71.8,44.3,51.8,30.8,39,10.7,8.7,53.4,57.8,41.6,37.5,71.5,,,,2025,,,,-18.705044229124,66.7,70.2
"Cal Baptist",105.75054058043,105.71830207072,0.50087658891029,17–15,17,32,48.3,50.1,29.7,33.4,17.7,18.1,33.3,29.6,67.4,48.6,50.3,31.7,33.2,6.9,9.1,45.6,39.6,35,31.3,66.5,,,,2025,,,,-9.6766703895686,75.7,68.4
Dartmouth,100.38536476484,103.17910912066,0.42173021595693,12–14,12,26,50.3,49.1,30.3,23.2,16.2,13.8,22.8,24.9,71.6,49.8,52.1,33.9,29.6,7.9,9.3,56.9,51.9,46.5,38.5,71.5,,,,2025,,,,-10.55165682274,75.1,70
"La Salle",103.31013896188,107.19210016673,0.39551195900157,13–19,13,32,46.1,52.6,31.4,30,15.5,16.7,30.5,29.5,69.7,44.5,54.5,32.8,33.2,10.2,9,45.1,54.9,33.2,41.5,69.4,,,,2025,,,,-11.749179960412,72.4,69.6
"East Texas A&M",99.512851434902,107.0017072113,0.30271194510187,5–26,5,31,49.2,53.8,28,36.5,22.5,19.9,28.1,35.9,67.8,51.1,52.6,31.4,37.4,10.7,13.4,61.6,59.4,48.3,34.6,68.1,,,,2025,,,,-19.718033296723,64.4,69.2
Tulsa,101.6545760926,108.08988652949,0.33050542810837,11–20,11,31,49.5,49.7,34.2,33.6,16.9,14.4,27.2,31.1,67.3,51.5,50,31.2,32.7,6.8,11.3,54.2,46.7,42.3,34,67,,,,2025,,,,-14.395429843957,67.2,70.2
"Incarnate Word",105.88078909799,112.17041024994,0.33992865798694,13–16,13,29,51.1,52,27.5,34.7,18.1,17.5,34.5,31.4,64.5,49.7,50.8,35.8,36.4,9.6,9.4,46.1,47.8,36.3,31.2,64.9,,,,2025,,,,-11.435100051193,68.3,70.9
"St. Thomas",114.30152656675,108.71758743604,0.64014487464964,21–10,21,31,57.8,52.5,34,35.9,13.7,18.5,21.5,31.2,69.3,58.1,52.1,38.3,35.4,9.3,9.8,52.1,50.6,46.8,41.3,68.6,,,,2025,,,,-5.1506725347372,77.6,75.5
"Grand Canyon",107.91971918134,99.658260724022,0.71419937254808,25–7,25,32,51.2,47,43.9,32.2,18.4,20.6,32.5,28.6,72.6,53.2,46.4,31.6,32.1,13,8.7,52.1,48.4,33.6,34.4,72.2,,,,2025,,,,-2.5263696598689,73.5,73.1
"Michigan St.",117.19398072879,92.230081502234,0.94018150332051,27–6,27,33,51.2,46.1,37.8,33.1,16.6,16.4,35.3,24.6,69.2,53.6,49.1,30.8,27.9,13.3,7.8,61.6,53.4,32.7,41.4,68.6,,,,2025,,,,8.4590242868633,78.1,72.2
"Cal St. Fullerton",93.097889179645,112.06393624359,0.1059961178992,4–26,4,30,44.2,54.3,39.2,34.1,21.3,16.1,25.9,29.8,68.9,46.1,55.9,27,34.9,6.1,9.4,41.5,56.1,34.1,45.8,68.8,,,,2025,,,,-19.474809142824,73.8,75.2
"Southeastern Louisiana",103.8061229163,106.86343407503,0.41731447110275,16–14,16,30,49.2,51.4,34.7,36.5,17.4,18.8,30.9,29.4,67.2,49.5,51.9,32.4,33.7,7.1,10,46.2,50.8,31.6,42.2,67.6,,,,2025,,,,-9.0975725849827,74.5,67.2
"UC Riverside",108.8173155007,108.81720919811,0.5000028085612,19–12,19,31,49.5,51.4,28.7,33.4,15.8,15.8,32.2,28.9,68.1,49,51.4,33.5,34.4,6.3,8.8,47.9,51.5,42.3,38.8,67.8,,,,2025,,,,-4.7371031017723,76.8,75
Clemson,117.67474781893,95.699298957665,0.91507246685391,27–6,27,33,53.6,48.9,28.2,27.6,15.7,20.1,33.7,29.9,65.1,52.3,49.3,37.2,32.2,10.4,8.1,52.3,43.7,38.4,38.3,65,,,,2025,,,,4.752461582172,76.6,69.5
Colorado,108.27784646624,99.219826997604,0.73197599973972,14–20,14,34,50.6,49.5,36.3,34.8,21,16.4,28.9,28.3,68.2,51.9,48.5,32.2,34.1,11.1,10,58.4,50.8,37.3,39.1,68.3,,,,2025,,,,-4.3578150439446,75.4,70.5
"Coastal Carolina",101.05809514187,114.2063058036,0.19677466287576,8–22,8,30,49.4,48.6,34.4,36.9,18.4,10.5,29,28.7,64.2,47.7,48.5,34.8,32.5,4.3,10.8,49.2,42.3,39.2,36.3,63.9,,,,2025,,,,-18.149419769391,69.4,73.3
"North Carolina A&T",97.175567953573,113.00328388502,0.14990811354961,6–25,6,31,45.8,51.5,31.2,30,15.4,15.3,27,31.4,69.1,46.3,52.4,30,33.3,8.2,9.4,44.4,57.4,36,38.5,70,,,,2025,,,,-20.083092783954,68.7,75.9
Washington,108.87942624468,103.53102318245,0.64089538164482,12–18,12,30,50.6,53,34.5,36.2,17.5,16.7,27.5,28.5,68.5,50.1,53.3,34.4,35.1,10.1,11.5,50.8,47,35.7,35.4,68.4,,,,2025,,,,-4.9396976272461,69,75.2
"Colorado St.",114.914153233,98.95064493694,0.84812727914457,25–9,25,34,55.8,48.5,31.8,33.6,17.4,16.7,26.4,25.3,66.3,56.5,47.7,36.6,33.1,8,8.1,62.8,47.2,42.8,37.9,66.8,,,,2025,,,,0.77076080930101,77.5,68.1
UMBC,105.09291314554,118.33286974788,0.20350140152247,10–19,10,29,55.2,54.1,31.6,27.9,15.9,17.4,19.4,33.7,71,53.8,54.2,38.4,35.8,5.9,8,50.4,46.7,38.4,34.4,71.2,,,,2025,,,,-15.595496624304,70,69.5
"Louisiana Monroe",96.27914674548,113.80901488219,0.1274601204813,5–25,5,30,45,53.6,31.1,25.1,17.1,16.1,29,32.5,68,43.1,55.8,32.5,34,6.9,9.8,51.6,58.3,33.9,45.1,68.5,,,,2025,,,,-20.731361105401,71,70.9
"The Citadel",93.514754989267,117.10678637951,0.069971943375964,1–25,1,26,46.9,54.5,32.8,32.8,19.5,15.2,27.2,32,65.5,49.5,56.3,29.2,34.7,5.7,11.6,52.2,54.5,45.2,42.7,65.3,,,,2025,,,,-21.368949875788,62.3,74.2
Hofstra,97.620249414876,101.98817114008,0.37674744708004,13–18,13,31,48.9,45.9,25.3,38,17.6,16.4,25.8,28.6,64.3,48.1,42.6,33.2,33.9,11.7,9.2,55.6,52.8,42.3,40.4,64.3,,,,2025,,,,-13.353418345178,70.8,69.8
"UMass Lowell",107.53186587368,115.29636086554,0.30964824624216,14–15,14,29,54.6,51.6,31.6,25.2,18.1,14.7,26.1,30.3,69.3,56.3,50.5,34.2,35.6,10,9.4,52.6,44.7,34.6,34.7,69.4,,,,2025,,,,-11.528406641911,77.2,69.8
"South Alabama",106.38536724721,102.90087529539,0.59458965579814,19–11,19,30,50.8,48.5,33.6,24.4,14.6,20.6,28.3,32.2,64,53.6,46.9,31.7,33.1,11.3,10.7,56,69.7,45.6,59.3,63.8,,,,2025,,,,-6.1621638520749,70.9,69.5
Butler,115.30196259593,104.99051067076,0.74599623974706,14–19,14,33,53,49.4,37.3,20.4,16.4,11.5,26.4,29.3,67.3,51.7,50.9,36.6,31.3,6.9,10.2,55.5,48.8,40.9,36.8,68.1,,,,2025,,,,-6.0526131089735,74.2,75.6
"SIU Edwardsville",101.10715024071,105.56841954372,0.37835133973234,19–11,19,30,48.9,47.5,33.1,33.2,17.1,17.3,31.8,29.1,67.2,47.8,46.3,34,33,11.5,8,51.4,48.7,36.3,38.6,66.6,,,,2025,,,,-7.6766468339756,67.9,70.3
"Northern Colorado",111.5958794655,107.44748815878,0.60722003001226,22–9,22,31,57.3,52.1,33.4,35.4,15.7,15.5,25.2,22.2,68.9,58.9,51.8,36.5,35.2,5.7,9.3,52.5,37.4,38.1,34.1,69.4,,,,2025,,,,-4.1203383806531,72.9,74.6
Iowa,119.48731854676,105.95548368567,0.79934391261463,17–16,17,33,56.8,54.4,26,28.3,13.7,17.9,25.1,32.2,71.4,56.6,56.2,38,34.4,11,7.6,59.8,54.1,41,38.8,70.5,,,,2025,,,,-1.8683155679219,70.5,70.4
"Florida A&M",101.14557746465,116.2533753413,0.16785177943626,12–17,12,29,50.6,51.4,36.7,39.9,20.7,15.4,27.7,31.9,68.4,50.8,51.5,33.6,34.2,8.3,10.4,52.4,48.3,46.6,36.5,67.9,,,,2025,,,,-10.793563107098,71.4,69.6
TCU,106.17793467549,95.636711600284,0.76895765621557,16–16,16,32,46.8,50.9,33.5,28.3,17.3,19.5,33,29.6,67.1,47.8,53.4,30,31.6,10.7,9.2,49.9,63.5,34.7,42.5,67.2,,,,2025,,,,-1.6706071443581,64.7,73.8
"Middle Tennessee",108.74064717677,103.92850982118,0.62726880692168,20–11,20,31,50.8,48.5,32.3,31,16.6,16.1,30.7,29,68.9,52.9,49.2,31.7,31.6,10.9,9.6,45.8,49.1,39.5,35.5,69,,,,2025,,,,-4.1117102023522,67.8,73.1
Oregon,115.526881615,96.919711303634,0.88284313375061,24–9,24,33,52.2,49.1,33.4,27.7,16.2,17.6,30.6,29.2,68.6,53,50,34,31.7,10.1,8.8,54.4,50.3,38.6,37.4,68.5,,,,2025,,,,5.8063372448438,76.3,72.1
Harvard,101.46133592011,108.37741946742,0.31900839726291,11–15,11,26,50.6,52.2,24.4,24.6,18,17.7,25,31.1,66.9,52.2,53.4,32,33.5,7.8,9.6,54.4,51.1,39.9,36.5,66.4,,,,2025,,,,-10.77725732663,77.6,75.8
Florida,126.76654355781,94.159843681871,0.96831038176654,30–4,30,34,55,45.3,32.6,33,15,17,38.1,28.8,70.8,56.4,45.9,35.5,29.6,12.3,8.6,52.4,46.4,43.6,37.3,70.3,,,,2025,,,,11.145769110397,71.8,70.7
"Saint Joseph's",110.02512663317,101.01592814971,0.72759435283328,22–12,22,34,52.1,47.1,32.3,25.9,16.6,16.1,30.4,27.4,68.3,53.1,45.5,34,33.5,13.7,9.8,56.4,50.9,46.5,33.3,68.7,,,,2025,,,,-4.8228549074909,74.3,75
"Saint Mary's",115.04325061643,93.363285058264,0.91692750252246,27–5,27,32,50.9,46.2,31.4,25,15.1,16.6,40.5,24.9,63.5,51.8,45.8,32.6,31.2,10.4,7.2,57.1,54.1,33.4,31.3,62.5,,,,2025,,,,4.3940263051916,69.5,74.7
"Texas A&M Corpus Chris",107.0626293257,104.98423234935,0.5561234583001,16–14,16,30,52.8,49.9,36.7,40.4,17.8,18.3,31.9,30.7,67.5,53,48.4,34.7,35,10.1,11.6,51.4,53.2,29.2,36.7,68.2,,,,2025,,,,-8.0011870841625,62.2,67.4
"Ohio St.",116.77243080569,98.953943345221,0.87035300408913,17–15,17,32,53.5,48.6,35.8,39.9,15.6,16.8,28.9,30.5,68.6,52.6,50.3,36.8,30.5,10,9.1,48.1,47.9,37.7,37.6,67.8,,,,2025,,,,-0.38014136699776,74.8,75.2
"Florida St.",108.16420615784,100.18838810319,0.70700441264109,17–15,17,32,50.7,48.5,39.4,37.5,17.4,19.1,29.7,31.8,70.3,52.3,48.9,31.7,32,14.1,7.1,50,50.7,33.7,42.1,70.4,,,,2025,,,,-5.2539895877763,71.7,73
"Seton Hall",97.682437606525,101.47577617398,0.3921864613522,7–25,7,32,44.7,54.6,32.9,39.6,19.1,22.2,31.2,31.8,64.7,43.9,54.5,31.2,36.6,11.9,10.7,50.7,59.2,30.5,44.4,65.1,,,,2025,,,,-13.151806146909,66.3,72.6
"North Carolina",118.03909941099,100.00215783631,0.87067923839061,22–13,22,35,54.2,49.6,34.8,30,15.1,15.2,29.2,27.1,70.8,54.9,49.2,35.3,33.5,9.7,10.5,51,47.5,37,37.9,71.3,,,,2025,,,,1.3617507417224,73.7,74.8
"Houston Christian",100.84920998101,108.37292340627,0.30418532962821,10–20,10,30,49.1,52.6,30.5,29.4,18,17.9,26,32,64.9,49.3,54.5,32.5,32.3,9.3,10,46.4,44,44,31.8,65.3,,,,2025,,,,-14.196606556206,68.8,70.2
Lehigh,99.516826826914,111.49976398228,0.2129053344461,9–19,9,28,51.1,50.7,31.5,33.9,15.6,16.1,21.4,29.1,66.8,49.1,53,36.4,31.2,5.7,8.3,51.3,48.5,37.3,36.7,67.9,,,,2025,,,,-15.183134405979,67.8,74.2
Navy,101.21094751259,111.96815254515,0.23837906915427,14–19,14,33,48,52.5,33.8,33.8,16.1,17.8,31.3,27.2,66.7,46.8,52.6,33.3,34.9,8,9.3,52.8,50.2,37.1,41.2,67.7,,,,2025,,,,-16.18434522319,73.1,70.5
"Saint Francis",99.921193169663,111.94104952824,0.21310803921663,13–17,13,30,51.6,51.3,23.8,28.7,19.6,16.4,25.4,30,66.6,52.6,53.4,33.4,32.3,6.7,9.3,50.3,51,41.9,43.2,67.9,,,,2025,,,,-12.110249309211,72.5,74.5
"Santa Clara",115.47293387841,100.38008875761,0.83352678289114,20–12,20,32,55.5,49.5,28.9,31.9,17,16.9,32.8,26.9,70,54.6,51.7,37.7,30.7,8.5,10.8,58.5,57.1,46.8,39.7,69.7,,,,2025,,,,-3.2730531022202,72.8,72.1
"Loyola Marymount",103.9268089968,102.82074810244,0.53072296797969,16–15,16,31,50.2,48.5,29,28.9,15.2,15.7,22.8,30.9,68.4,50.6,49,33.1,31.8,10.4,6.6,50.9,51,40.4,36.6,67.8,,,,2025,,,,-6.8698723368399,72.2,75.7
Delaware,109.1217300074,114.29655210372,0.36985891791671,14–20,14,34,55.1,52.2,30,32.9,16.6,15.5,22.4,32.5,70.1,54.1,51.9,37.7,35.3,7,9.9,50.8,45.2,39.9,34.1,71,,,,2025,,,,-15.009490213868,77.7,73.9
"Miami OH",108.13181463706,106.74520942269,0.53703739990189,23–9,23,32,55.4,51.3,28.1,33.3,17.4,19.1,27.5,29,70.1,53.9,51.9,38.2,33.6,10.1,9.7,55.4,48,44,39.9,69.6,,,,2025,,,,-4.3040992211216,72.4,71.6
"New Mexico",112.03815926058,95.5623027691,0.86166671394135,25–7,25,32,50.8,49.2,37.8,35,15.6,20.5,31.5,25.6,72.9,50.6,48.2,34.1,33.8,14.3,9.5,51.5,59.5,32.2,38.3,73.8,,,,2025,,,,2.7271935088287,68.4,66.7
"Coppin St.",87.700011839437,112.61564397404,0.05336927012494,5–24,5,29,44,55.6,36.4,37.1,21.6,20.5,26.5,33.9,68.9,44.2,56.3,29,36.3,5.4,13.2,50.4,57.8,32.1,38.8,68.7,,,,2025,,,,-18.982924627391,67.8,71.9
Temple,109.90805405654,109.61170925602,0.50776170095375,16–15,16,31,49.9,50.6,45.2,36.4,15.7,15.1,32,31.2,69.3,48.2,51,35.8,33.3,9.2,10.2,40.8,54.1,31.3,36.4,69.5,,,,2025,,,,-9.525079252206,73.4,70.7
Monmouth,103.25180394738,111.73289361161,0.28744714886398,13–20,13,33,47.2,50.7,36.7,36.1,16.2,16.6,29.8,34.8,67.3,44.2,50.7,35.2,33.8,12.7,9.6,49.6,55.2,34.6,40.7,67.9,,,,2025,,,,-14.359955120392,74.2,73
Southern,98.69714482041,102.49853903444,0.39302507647445,17–12,17,29,47.2,49.2,38.1,42.3,18.5,21.1,34.4,28.5,69.8,47.4,48.2,31.2,33.8,11.9,12.7,49.2,60,33.3,39.4,69.1,,,,2025,,,,-6.9794796423859,65.5,69.7
"Southern Miss",97.130485735642,108.72075102983,0.21477742069257,9–22,9,31,47.9,50.2,33.8,35.4,19.5,16.1,28.1,30.2,71,49.8,51.2,29.8,32.5,11.2,9.4,56.9,51.6,36.9,38.4,71.5,,,,2025,,,,-16.877962870832,69.4,70.6
California,110.20887968957,106.38935998667,0.60003881642133,14–19,14,33,47.8,53,38.9,32.8,16.6,16.3,34.7,28.8,67.9,48.2,51.3,31.5,37.6,9.3,10.4,41.2,42.8,37.8,32.8,68.2,,,,2025,,,,-8.1587855561275,74.6,74.1
"Georgia St.",106.0885736787,113.4147710077,0.316925139546,13–19,13,32,50.4,51,33.8,26.2,16.9,12.9,32.4,31.9,69.5,49.8,51.8,34.4,33.2,7.9,8.6,44.7,53.8,33.3,41.5,69.8,,,,2025,,,,-13.099303106839,68.6,72.2
"Miami FL",113.16450218231,114.86302508938,0.45727328215143,7–24,7,31,51.9,57.4,26.4,28.8,16,15,28.2,30.8,67.6,55.1,55.9,31.3,39.7,9.6,8.1,47,56.2,38.5,39.9,68.2,,,,2025,,,,-13.540338770329,76.4,74.4
Georgia,115.26366622164,96.025576635167,0.89090203742864,20–12,20,32,52.5,47.2,39.8,30.4,18.8,18,36.1,31.8,68.5,53.8,47.8,33.5,30.9,14.7,9.3,47.6,48.8,36.8,40.6,67.2,,,,2025,,,,2.0379774596612,71.7,73.7
"North Dakota",107.90589291146,114.87100757834,0.32754077801078,9–21,9,30,49.7,56.5,33.6,33,16.6,15,33.7,28.7,70.3,50.3,57.1,32.5,37.1,7.1,9.3,45.1,47.9,40,40.6,69.7,,,,2025,,,,-15.098715637939,70.1,74.6
Princeton,104.23061162469,107.06025473323,0.4235936356788,17–11,17,28,51.5,53.4,24.6,31.7,15.2,17.3,26.2,24.2,68,50.1,53.5,35.3,35.5,6,12.7,57,51.2,48.7,40.8,67.4,,,,2025,,,,-6.2129184082387,70.7,75
"Saint Louis",108.59834294265,104.13661796851,0.61832706375825,17–14,17,31,56.3,48.6,29.8,24.3,18.6,14.4,23.6,28,68,59.8,47.8,35.3,33.2,7.5,12.1,57,47.8,50.3,39.4,67.9,,,,2025,,,,-6.4885197912986,69.4,71.9
"Arizona St.",112.44639847591,100.00841173941,0.79381179452745,13–19,13,32,51.4,50.5,35.9,31.2,17.5,16,25.2,30.4,69.9,49.8,51.4,35.8,32.9,12.1,11.3,51.2,54.2,42.8,40.3,69.1,,,,2025,,,,-3.0877879413816,72.4,75.5
"Purdue Fort Wayne",109.10647989582,108.81956447499,0.50756971740885,17–13,17,30,54.7,53.3,29.1,30,13.8,20.1,22,32.8,70.3,54,56.2,37.1,32.6,7.4,10,47.6,49.8,45.6,40,70.3,,,,2025,,,,-8.1549824377688,75.1,74
Iona,98.711647577423,105.53946398439,0.31666452223713,17–17,17,34,47.5,51.7,27.9,35.6,20.9,22.8,39.1,30.9,68.6,47.5,53.9,31.8,32.6,9.4,10.9,56.4,60.6,34.7,44.5,69,,,,2025,,,,-13.744709239326,68.5,74.3
Stetson,98.90760907056,119.54625869466,0.10161129807606,6–24,6,30,50.2,53.1,33.1,27.7,18.7,13.1,24.1,34.3,68.8,50.2,52.6,33.5,35.9,7.7,8.4,45.5,55.6,37.7,41.4,68.3,,,,2025,,,,-19.465326503753,73.9,75.8
Marshall,105.17212881889,106.19839042472,0.47211093695785,18–13,18,31,49.9,49.3,34.8,40.9,16.5,16.8,33,29.6,68.9,51,49.7,32.3,32.2,14.5,8.7,53.3,40.3,39.6,32.8,69.4,,,,2025,,,,-8.5526882240185,69,70.7
"Eastern Michigan",103.80388393973,113.34199343354,0.26679924964488,15–16,15,31,52.4,53.7,33,38.5,18.7,17.8,29.6,31.7,68.2,52.4,51.9,35,37.7,9.5,8.8,47.2,50.2,38.2,38.8,67.9,,,,2025,,,,-11.959696082844,74.3,74.4
Niagara,100.91692949938,115.07813454937,0.18092297356972,10–20,10,30,52,53,30.4,29.8,18.6,16.8,23.6,27.3,64.8,51.8,51.8,34.9,36.7,6.5,9.3,51.7,55.7,42.8,38.4,65.6,,,,2025,,,,-16.654140571683,74,78.6
Campbell,100.80021107622,106.04196006445,0.35824585508751,13–17,13,30,50,52.4,29.7,29.9,15.8,18.8,24.6,27.7,66.2,51.5,55.8,31.9,31.1,8.5,10.3,54,52.5,41.8,36.8,66.5,,,,2025,,,,-12.565315420761,76.4,70.2
Mercer,98.870902505399,107.59195121612,0.27446115634804,12–19,12,31,48.9,50.8,29.8,32.8,16.6,16.8,28.8,28.7,71.5,49.8,49.7,31.8,34.7,8,9.6,46.6,55.3,40.1,46,71.7,,,,2025,,,,-14.336968122047,65.3,71.8
Lindenwood,94.498406947135,107.68333575998,0.1821219874979,13–17,13,30,45,50.7,36,34.7,17.9,19.4,30,31.5,69.9,47.6,50,26.7,34.6,10,11.1,42.3,50.6,34.6,37.5,70.1,,,,2025,,,,-12.762542137569,68.8,70.5
"St. Bonaventure",106.94266753157,98.922832510391,0.71022090481184,21–11,21,32,50.2,49.7,30.9,24.4,16,18.7,28,26.9,65.1,51.9,50.8,31.4,32.3,11.3,9.7,42.6,58,34.9,47.6,65,,,,2025,,,,-4.1737346405986,73.6,73.5
"Oregon St.",115.50793163586,106.63413301291,0.7148910437827,19–12,19,31,54.6,51.1,38.9,32.3,16.6,16.6,31.8,27.6,64.7,54.5,50.4,36.5,34.7,8.6,7.4,55.2,57.3,35.9,41.2,64.5,,,,2025,,,,-4.1960470112036,78.9,72.2
Lipscomb,109.95003499664,103.09670749818,0.67702289840778,23–9,23,32,55.9,48.6,31.4,22.3,14.4,15.9,24,26.5,67.3,56.7,49.9,36.7,31,7.7,10.1,54.4,39.5,47.4,37.2,66.9,,,,2025,,,,-4.1352765063651,79.6,67.1
"Kennesaw St.",106.60556396625,103.81666770005,0.57562904808962,16–14,16,30,49.3,48.3,38.8,42.6,19.7,15.1,32.5,27.4,70.6,52.2,48.1,30.6,32.5,11.8,11.7,50.5,52.6,45.5,38.4,70.8,,,,2025,,,,-7.1999295169413,73.2,69.6
"James Madison",110.03991452618,109.40149620183,0.5167222158514,18–12,18,30,50.7,50.9,30.4,33.4,15.8,15.6,32,30.5,65.2,50,49.6,34.3,35.5,8.4,8.1,45.8,41.4,45.2,35.1,65.7,,,,2025,,,,-7.2751889841939,76.4,71.8
Georgetown,106.70496947306,99.373535564886,0.69393733516875,17–15,17,32,50.4,49.4,25.8,29.3,17.1,19.6,31.6,28.9,68.3,52.1,48.5,31.8,33.8,11.1,9.5,53.4,55,37.4,39.6,68.9,,,,2025,,,,-4.6351613207462,70.6,75.8
"USC Upstate",99.267767649477,114.83650878541,0.15770314014205,3–26,3,29,49.8,56.1,30.4,39.5,19,16.6,25.3,32.4,73.5,53.1,58.3,29.4,35.2,6.4,7.9,48.1,47.6,36.9,40.2,73.4,,,,2025,,,,-20.957785931131,67.7,72.2
"Morgan St.",100.61911578028,117.73399487644,0.14106363601639,10–18,10,28,49,52.4,35.7,39.1,17.9,17,34.1,36.9,71.7,49.5,51,31.6,36.8,11.1,8.8,43.7,54.1,21.7,34.3,71.1,,,,2025,,,,-14.435593040412,72.5,68.8
"New Hampshire",93.375686238869,115.00427392297,0.083486607930469,6–24,6,30,47.1,54.4,26.4,33,19,16.9,27.4,31.6,68.4,46.8,56.4,31.7,34.1,6.6,13.1,46.3,53.7,40.8,39.7,68.4,,,,2025,,,,-20.346938611057,65.3,70.6
"Iowa St.",119.22584493685,92.619705629931,0.94804148869759,24–9,24,33,54.6,48.4,38.5,28.9,16.9,21.8,32.2,28.4,69.5,55.1,47.5,35.8,33.2,10.2,9.3,53.9,55.3,36.9,40.7,69.3,,,,2025,,,,5.4313705508145,75.7,75
"Alcorn St.",97.106995266099,111.24615611513,0.17318544539316,11–20,11,31,46.1,53,30.4,31.5,19.6,18.3,33.6,32.5,66.3,45.4,54.6,31.8,34.1,8.5,10.6,43.5,60.9,29.6,45.3,65.5,,,,2025,,,,-13.93615941363,72,72.1
Purdue,124.88691190831,99.345407070427,0.93284700467191,22–11,22,33,56.3,52,34.6,31,15.6,17.8,31,29.9,66.6,55.5,56.4,38.5,30.7,5.3,8.8,57.7,58,38.1,42.7,65.8,,,,2025,,,,4.9250112923016,73,72.6
Drake,112.74841086207,98.331920649894,0.8282559731126,28–3,28,31,53.8,51.7,43,35.8,18.6,22.1,36,25.8,59.5,54.6,54.3,35,31.8,8.5,7.7,54.2,48,36.8,39.1,59.4,,,,2025,,,,2.7114230328836,70.7,72.1
Marquette,116.66972607459,96.089040974371,0.90307130397443,23–10,23,33,52,49.9,26.1,30.2,13.5,21.5,30.1,31,68.1,54.9,51.3,32.5,31.8,10.9,8.7,49.5,60.1,46.3,39.8,68.5,,,,2025,,,,3.6235101614566,72.3,72.8
"Holy Cross",101.36760482479,115.85392764749,0.17709844538556,11–19,11,30,53.1,53.5,22.2,25.4,17.9,13.6,23.3,27,65.9,49.6,54.5,38.6,34.5,7.9,7.7,48.2,52.8,42.3,37.8,66.6,,,,2025,,,,-15.498779112114,71.7,68.7
Houston,124.29895236205,87.61147553823,0.98240592148455,30–4,30,34,52.7,44.9,28.2,34.1,14.6,21.7,36.1,29.3,62.4,49,43.9,39.8,30.9,15.8,6.6,44.4,55,34.5,43.1,62.1,,,,2025,,,,11.536706284444,74.1,70.9
Hampton,102.89397192529,107.44548335435,0.37806438256218,14–16,14,30,47.5,52.6,30.3,43.6,16,18.8,34,28.7,65.9,46.9,53.3,32.4,34.2,8.6,8.5,42.2,53.3,36.7,35.7,66.2,,,,2025,,,,-11.459158031069,70.8,71.8
"Western Michigan",101.8952695828,111.65900881618,0.25878412744623,11–20,11,31,47,54.5,31,33.2,15.8,16.6,34.4,27.9,69.3,49.3,55,28.2,35.8,6.7,10.6,45.4,57,32.9,41,68.4,,,,2025,,,,-14.679978551609,67.4,70.1
"New Mexico St.",104.94258197736,100.11581476413,0.6321579235521,14–15,14,29,46.2,46.9,34.5,39.2,15.6,15,32.5,27.7,66.2,46.1,48.8,30.9,29.5,6.8,10.3,45.6,52.5,37,42.8,65.5,,,,2025,,,,-8.4062616206244,67.7,70.4
"Ball St.",103.61427993733,112.05404093527,0.28894360461361,11–17,11,28,51.3,51.6,44.5,30.7,16.4,14.1,26.4,27.9,68.2,51,54.5,34.6,31.5,6.1,8.6,51.4,52.6,37.1,39.7,67.1,,,,2025,,,,-13.656180664729,70.3,72.4
Milwaukee,106.44029744229,105.67389836638,0.52076371859858,19–11,19,30,51.4,51.5,38,32.4,19.4,18.3,39.8,26.6,69.4,53.1,52.2,31.9,33.6,9.3,10.3,49.5,51.5,31.5,38.6,69.4,,,,2025,,,,-6.7227562119586,68.2,73.2
Portland,104.87663142654,113.57085251724,0.28579709787853,10–20,10,30,50.1,54.6,32.2,22.1,18,13.2,23.9,29.9,69,49.8,53.3,33.7,37.8,7.4,9.1,61.4,57.1,43.6,40.9,69,,,,2025,,,,-12.544367600325,77.9,74.1
Albany,103.04324367735,112.5910638972,0.26521122199745,15–16,15,31,49.3,54.9,29.5,34.7,15.7,19.8,32.3,28.4,68.4,50.2,55.8,31.7,35.6,6.5,12.3,45.7,50.4,36,34.9,68.3,,,,2025,,,,-12.861014441206,72.4,74.7
"Tarleton St.",92.950850603115,103.13867531402,0.23218021958856,9–20,9,29,45.9,52.1,41.5,48.3,25.1,23.3,28.1,33.9,67.2,45,52.9,32.2,33.9,11.7,12,46.3,60.8,25.6,42.2,66.3,,,,2025,,,,-13.298151777956,72.9,73.5
"San Francisco",111.0063544312,98.205949097106,0.80360619607869,23–9,23,32,53,48.7,35,35.9,17,18.2,29,28.1,69,54.7,52.1,34,28.3,9.2,7.7,51.8,47.7,43.6,35.1,68.5,,,,2025,,,,0.13071721698501,71.7,70.3
Bucknell,101.65418051853,107.00382089881,0.35667831508653,18–15,18,33,53.8,50.3,36.7,35.4,18.6,17,26,28,67.5,54.4,49,35.3,34.7,9.2,9.3,52,50.6,41,40.6,68.2,,,,2025,,,,-10.269235748913,66.4,68.6
Connecticut,121.01606293564,102.19424971355,0.8747964685755,23–10,23,33,55.5,48.3,30.6,40,17.1,15.5,35.6,27.4,64.5,57.3,46,35.4,35.1,17.9,8.9,64,44.2,42.6,34.2,64.6,,,,2025,,,,2.252678850066,79.1,73
"Southern Indiana",98.662813627436,114.29905899256,0.15554352785142,8–20,8,28,47.9,51.8,30.7,35.6,17.2,16.7,27.9,31.3,68.1,45.4,50,35.2,36.7,7.1,8.2,43.6,46.6,33.5,36.5,67.7,,,,2025,,,,-17.371633748706,73.9,68
"Florida Gulf Coast",106.84994279749,107.96273506944,0.4702482463601,17–14,17,31,53.9,50.5,23.1,29.5,16.2,14.3,30,26.5,65.7,54.1,48.9,35.7,35.1,7.5,8.7,50.7,50.3,38.4,44,65.9,,,,2025,,,,-9.2582642111477,69.4,71.6
"San Jose St.",107.23200624855,106.81388261901,0.51123034687295,13–19,13,32,50.6,51.9,31.5,28.6,17.4,16.6,26.9,32.2,66.7,49.1,53.9,35.1,32,7.6,9.2,50.8,52.4,41.2,35.2,67,,,,2025,,,,-10.271427738479,73.5,69.2
"Utah Valley",106.09058687294,102.04401913164,0.60997900866039,23–8,23,31,50.8,47.4,41.8,31.8,17.3,16.9,31.1,26.6,68.8,51.4,45.7,33,33.8,13.8,10,57.6,49.1,31.1,32.9,68.7,,,,2025,,,,-3.1153843348808,69.1,71
Missouri,125.78844612169,100.89688717278,0.92661222762959,22–11,22,33,56.2,50.7,46.8,35.3,15.2,20,33.7,32.2,70,56.7,51.1,37,33.4,7.5,10.5,49.5,48.3,41.5,38.2,68.9,,,,2025,,,,3.2068703828705,72.5,76.2
Cincinnati,111.01861167565,94.828252549229,0.85969396058355,18–15,18,33,50.9,48.6,23.4,24.3,15.5,19.7,32.3,30.1,66.1,52.6,48,32,33.2,11.7,7.9,50.9,49.6,38.1,34.2,66,,,,2025,,,,-1.0221811119523,66.8,75.4
"South Dakota St.",110.08802925083,105.96920984983,0.60790511096947,17–12,17,29,53.6,50.9,31.2,29.9,17.6,12.7,33.6,21.4,70,54.5,52.3,34.8,32.9,7.3,7.5,49,46,40,47.8,69.8,,,,2025,,,,-6.1454811195128,75.3,76.2
"Boston University",98.107312284256,111.24029751875,0.19081021102344,15–16,15,31,50.2,52.4,30.7,32,20.6,16.7,32.5,23.4,63.7,50.7,51.2,33,36.1,8.2,9.6,48.8,52.8,41.9,40.2,64,,,,2025,,,,-13.150668479059,66.9,74.6
"Air Force",98.775057706768,109.66147944552,0.23105565764799,4–28,4,32,50.1,54.6,35.4,35.4,20.8,15.7,22.7,29,64.7,50.5,54.8,33.1,36.3,8.1,12.4,62.9,48.6,48.5,36.2,65.2,,,,2025,,,,-19.293208491654,63.5,70
Bradley,111.656585712,103.53209224259,0.70449235328064,25–8,25,33,56.8,47.9,32.4,35.5,17.3,15.6,26.3,28.1,66.1,54.5,47.4,40,32.4,11.4,7.4,52.8,51.7,41.9,43.1,66.4,,,,2025,,,,-1.5738883581017,75.7,72.4
Troy,106.6438940198,100.49642937832,0.66436098096401,21–10,21,31,50.1,47.2,37.8,29.3,19.9,19.8,38.6,32,66.8,53.9,46.2,30.3,32.6,12.8,10.3,55.6,51,44.8,38.1,66.9,,,,2025,,,,-4.1369145474864,72.6,72.2
Gonzaga,123.34086879518,96.810096466719,0.94187660407794,25–8,25,33,55.7,47.5,30.9,28.6,13.2,18.2,32.7,26.4,70.5,57.8,49.1,34.4,30.2,8.3,8.1,61.9,48.5,33.5,40.6,70.9,,,,2025,,,,2.814798836097,80.1,72.8
"South Florida",102.83570932754,106.26335919945,0.4068360520366,12–19,12,31,49.7,49.7,34.9,36.7,16.2,18.3,27.7,33.2,69.8,51.1,49.6,31.6,33.3,9.5,10.3,54,55,37.6,37.5,69,,,,2025,,,,-12.397880789268,71.8,73.3
Stonehill,100.49318805663,113.88421348373,0.19176818591798,13–17,13,30,51.1,50.9,31.4,32.7,18.3,16.2,26.4,29.4,65.7,49.4,50.1,35.4,34.9,6.9,12.6,60.4,40.9,44.5,33.3,65.9,,,,2025,,,,-13.670526081478,72.1,73.3
"Loyola MD",99.799105437306,112.91656837569,0.19464043274942,11–19,11,30,50.1,52.8,29.3,30.2,17.7,16.9,28.6,27.9,66.7,50.7,52.9,32.9,35.1,7.9,7,54.8,51.8,39.6,35.7,67.2,,,,2025,,,,-16.05998022219,68.9,74.3
Belmont,112.10219039387,108.81913368962,0.58463314461852,21–11,21,32,54.8,53.7,26.1,27,15.9,17.6,27.2,29.4,70.3,52.9,54.6,38.1,35.1,9.1,9.9,60.1,55.5,44.6,43.4,71.3,,,,2025,,,,-5.0454318630715,71.3,72.3
Siena,101.46716399475,110.30261079221,0.27684573937074,14–18,14,32,49.4,51.7,37.3,31.4,17.2,18.2,28.8,30,67.6,49.5,51.8,32.8,34.3,13.3,9.7,48.3,49.7,39.9,34.2,67.7,,,,2025,,,,-14.493437635722,74.3,75.1
"Southern Utah",97.120066956266,109.24184931135,0.2054478488641,9–19,9,28,46.8,49.9,36.2,33,21.6,15.1,30.1,32,70,47.2,49.8,30.5,33.3,9,8.7,48.5,50.6,32.6,27.7,69.7,,,,2025,,,,-13.522592028267,72.9,68.5
"N.C. State",107.86270787616,102.69981759871,0.6373918458978,12–19,12,31,48.3,51,32.3,32.2,14.4,18.6,28.8,32.5,65.8,48.3,50.8,32.2,34.3,10.2,8.4,51.6,48.4,36.2,32.6,65.9,,,,2025,,,,-8.9444937134792,72.6,76.3
Pittsburgh,114.68517806501,102.32033802994,0.78783874541541,17–15,17,32,52.2,51.1,34.2,32.8,14.8,18.3,29,29.9,66.9,52.4,50.4,34.6,34.7,12.5,7.9,51.4,52.7,41.4,41.3,67.2,,,,2025,,,,-3.8403289286105,78.2,72.6
Furman,108.8502900999,106.96958618132,0.54994100893739,22–9,22,31,53.6,49.2,35.4,29,17,16.5,30,31,66.5,53.2,49.2,36,32.9,9.1,11.6,64.6,48,51.4,38.6,66.6,,,,2025,,,,-4.3016445017607,69.6,73.5
Massachusetts,101.60760349561,106.16690861773,0.37641751805572,11–20,11,31,45.1,49.8,34,36.6,16.1,17.5,34.3,31,70.7,46.6,49.7,28,33.2,13,8.9,48.2,57.6,32.2,39.9,71.1,,,,2025,,,,-13.512765355993,67.2,72.2
"Mount St. Mary's",99.122992698336,107.3000432948,0.28667710543404,21–12,21,33,51,48,31,26.7,21.7,15.9,31.1,28.3,67.5,50.1,48.7,34.9,31.4,7.9,9.5,60.6,52.3,41,44.5,68.1,,,,2025,,,,-8.0694596644555,73,73.8
Bryant,105.96939766961,105.52601268548,0.51205214596258,21–11,21,32,51,47.7,30.4,30,16.5,16.4,34.2,28.8,73.2,51.5,47.3,33.4,32.2,14.8,5.7,48.7,42.9,34.8,36,73.1,,,,2025,,,,-7.0156728333435,71.8,72
Syracuse,109.9753490685,105.55731325279,0.61574466272327,14–19,14,33,51,52.9,33.1,33,17.9,14,31.4,26.1,68.7,51.9,53.6,32.8,34.5,6.8,9,49.9,47.5,32.7,38.1,68.9,,,,2025,,,,-7.8407064672435,70.5,71.6
"Jacksonville St.",108.28282919256,105.96264791484,0.56195233364616,19–12,19,31,49.6,49.4,32.2,28,15.7,13.3,30.9,26.5,65.4,49.1,47.7,33.5,34.5,9.9,8.7,42.7,51.6,36.4,42.5,65.4,,,,2025,,,,-5.4717553337386,75.1,69.7
"McNeese St.",113.7547584365,99.64824133404,0.82091847412416,25–6,25,31,53.3,47.5,35.7,31.4,16.2,21.6,34.7,31.3,65.8,53.2,46.9,35.6,32.2,11.8,8.8,50.1,55,36.7,46.6,66,,,,2025,,,,-0.39524756330173,70.7,70.9
Quinnipiac,101.71620198294,105.31203428111,0.40142704375491,19–13,19,32,48.4,49.5,31.1,28.3,17.9,17.1,33.5,26,71.4,50.7,46.7,29.8,36.1,12.4,11.3,52.4,56.8,38,37.1,72.2,,,,2025,,,,-9.2330890557088,76.6,70.7
"Rhode Island",107.19541617502,106.80410699107,0.510512634291,17–13,17,30,52.8,49.3,41.1,30.8,17.9,16,28.3,28.6,71,53.3,50.6,34.6,31.5,8.7,10.9,51.4,51.9,37.7,39.7,71.1,,,,2025,,,,-7.868210363835,69.3,72.9
"Detroit Mercy",94.663938613324,111.46199156977,0.13255770147282,7–24,7,31,45.6,51.2,28.9,39.8,19.1,15.5,31.9,30.5,67.6,43.9,52.4,33.3,33.2,8,8.8,43.9,59.1,28.4,47,67.8,,,,2025,,,,-18.845405132032,73.3,72
"Sam Houston St.",110.68234186756,110.91066329654,0.49407568284487,10–19,10,29,51,53.1,36.3,33.2,18.3,17.2,30.3,32.2,68.1,46.9,52.3,38.3,36.2,8.2,8.5,49.4,52.4,38.6,41.2,68.5,,,,2025,,,,-11.652103913889,72.9,72.3
"East Tennessee St.",105.11235143201,105.88093642078,0.47906663317619,17–13,17,30,50.3,50.3,33.2,34.3,16.1,18.9,35.7,29.8,65.5,48.9,49.5,34.7,34.2,11,9.9,50.7,50.6,41.7,41.1,65.8,,,,2025,,,,-9.1234296597711,66.5,67.2
Duquesne,105.82177165888,103.10472312569,0.57422918915715,12–19,12,31,50,50.2,30,39.5,18.3,20,32.9,30.7,65.4,49.2,48.1,34,35.9,12.6,10.2,54.7,53.4,43.2,35.9,65.8,,,,2025,,,,-12.973939382677,64.5,72.2
"Virginia Tech",106.55168858749,105.2879719802,0.53424797046706,13–19,13,32,51.2,52.3,30.8,31.8,20.1,16.2,31,29.2,66.1,50.3,54.6,35,32.6,5.8,9.9,51.5,55,40.4,41.2,65.8,,,,2025,,,,-9.25605800667,71.4,75.8
"North Carolina Central",102.4747280622,116.41954343341,0.18736577389524,10–19,10,29,50.1,54.8,39.8,42,19.2,21,34.6,38.8,68.9,49.9,57.6,33.7,32.7,5.7,8.7,54.6,48.2,34,32.8,67.7,,,,2025,,,,-15.317669666615,70.1,72.4
"North Dakota St.",116.33244034229,110.67131271881,0.63961739058704,18–11,18,29,58.2,51.4,32.6,27.1,15.6,11.1,26.2,29,66.7,56.5,51.3,39.8,34.3,4.8,9.3,55.2,41.2,53.6,39.1,65.8,,,,2025,,,,-6.3785132472983,79,70.1
"Northwestern St.",102.49355782058,106.83839734345,0.38285431465802,14–16,14,30,48.7,49.8,32.2,33.1,20.2,17.4,33.1,32.6,64.2,46.5,46.8,35.2,36.2,12.3,11.5,53.3,50.8,35.7,39.7,64.5,,,,2025,,,,-9.2122390041011,70,70.7
Fairfield,98.166280425665,114.15238467733,0.14994632961419,11–20,11,31,46.3,53.7,25.4,31,15.5,18.2,28.6,31,66.5,45.8,53.4,31.5,36,8.4,9.8,51,52.8,38.3,36.9,66.6,,,,2025,,,,-16.873185508529,73.3,77.1
Arkansas,111.36927415167,95.717243308732,0.85090408940372,20–13,20,33,52.7,48.3,35.5,29.4,16.5,17.5,27.6,28.3,70.4,54.4,48.5,33.3,31.9,15.4,7.1,53.2,48.6,36.7,39.5,70,,,,2025,,,,1.3706731084042,73.4,72.5
"Cal St. Bakersfield",104.81514349172,113.15591981801,0.29306652636294,12–19,12,31,48.2,54.3,34.5,46.9,18.8,18.9,35.6,29.7,67.2,45.3,54.8,37.2,35.7,8.6,7.6,38.2,52.1,28.4,41.5,66.7,,,,2025,,,,-13.999671532845,77.3,74.9
"George Washington",107.14019508981,103.07829887717,0.6093229776409,20–12,20,32,50.6,48.4,40.8,26.7,18.2,19.4,32.1,32.7,67,53.2,49,31.3,31.6,8.7,13.8,55.8,52.5,41.9,38.9,67.6,,,,2025,,,,-6.5935390261289,70.2,72.8
"UNC Asheville",107.63545459951,112.41460605533,0.37763386214834,17–11,17,28,52,53.4,34.4,40.1,14.8,18,29.7,34.1,70.1,52.4,53.8,34.2,35.2,11.5,5.4,45.6,50.3,35,38.9,68.6,,,,2025,,,,-6.434191397118,72.2,70.3
Dayton,115.04012672907,104.60282998804,0.74909087320875,21–10,21,31,52.6,50.4,37.9,30.7,15.5,17.7,29.6,28.8,66.1,52.1,51.9,35.6,32.3,10.3,10.6,59.4,50.3,40.4,42.4,66.5,,,,2025,,,,-1.5589728238737,75.5,74.7
"Stephen F. Austin",94.960017482994,103.47067138791,0.27149097748043,11–17,11,28,46.7,49.2,32.3,34.1,22.2,20.2,34.6,33.1,67.3,48.8,47.8,28.7,34.4,11.2,9.9,51.4,54.7,36.9,37.1,68,,,,2025,,,,-11.739544473113,63,68.2
"Arkansas St.",109.3598948208,101.88038217709,0.69311344529539,23–10,23,33,49.3,45.7,34.2,37.6,15,17.1,33.9,30.6,70.3,50.5,46,31.8,30.1,11.6,10.4,51,49.7,44.6,35,70.3,,,,2025,,,,-4.3695670648495,73.1,70.2
Army,100.59993038462,113.12526003727,0.20595906942943,14–15,14,29,49.7,53.7,25.8,27.1,14.7,16,25.8,29.3,67.6,52.1,55.2,30.8,34.5,6.1,8.8,50.2,53.8,41.1,42.2,68.3,,,,2025,,,,-11.956049859609,68.5,69.9
Oakland,106.16828113384,107.9784164794,0.45154786852376,15–18,15,33,50.1,51.4,31.7,27.8,18,16.2,34.1,32.6,64.6,53.2,49.7,30.6,35.9,8.7,9.8,51.1,61.7,42.3,41,64.3,,,,2025,,,,-10.778732954635,69.9,73.4
"Southeast Missouri St.",101.23387260721,104.90514186382,0.39899223789043,18–12,18,30,51.3,47.6,28.9,42.8,15.4,19,24,28.7,69,51.1,48.8,34.5,30,9.2,7.8,48.2,42.2,36,31.6,69.6,,,,2025,,,,-8.5953313287081,71.8,72.5
Binghamton,99.033413375436,112.45141792069,0.18827838027095,12–17,12,29,51.6,49.7,33.7,31.9,19.6,12.8,26.9,26.9,66.4,50.6,51.1,35.4,31.8,8.2,11.9,51.7,46.4,36.2,40.3,66.3,,,,2025,,,,-14.112890782022,70.1,72.4
"George Mason",105.28780278678,95.097496951245,0.76326098639657,25–8,25,33,51.5,45,41.7,31.5,20,18.9,32.1,29.1,65.1,50.7,44.6,35.3,30.3,11,10,52.4,53,35.8,45.5,65.4,,,,2025,,,,-0.40061821913077,71.5,71.1
"Old Dominion",99.456802059996,110.79867990328,0.22410512460985,13–20,13,33,44.1,51.2,30.9,35,16.9,16,36.4,32,66.2,45,51.2,28.3,34.1,9,10.2,43.6,49.2,35.8,35.3,66.7,,,,2025,,,,-15.215654853348,71.7,69.5
"Green Bay",100.88790023824,115.40845368977,0.17561009161957,4–27,4,31,50.9,54.8,37,35.4,18,14.6,18.4,32,69.1,52.2,54.1,32.9,37.3,5.4,13.5,60,54.8,46.2,39.4,69.8,,,,2025,,,,-21.559961032273,78.5,68.8
"UNC Greensboro",105.34958101332,105.97824477886,0.48290136314178,17–12,17,29,50.7,47.8,29.8,34,15.3,16.4,31.1,30.1,64.6,48,48.7,36.2,31,8.7,7.3,48.5,46,42.4,43.1,64.4,,,,2025,,,,-7.5453350541091,73.7,72.5
"Little Rock",97.639622508773,103.89769997212,0.32862316375076,17–14,17,31,49.5,46.7,29,37.9,20.4,21.5,30.4,35.4,67.9,47.2,46.3,36.6,31.4,16.8,7.3,52.9,58.2,30.3,44.2,67.5,,,,2025,,,,-9.9306588851735,70.7,71.5
"Austin Peay",100.09551844327,111.19581091131,0.22980198485487,12–19,12,31,48.7,53.8,28.9,36,14.8,16.8,25.8,31.2,66.9,47.1,52,34,37.9,7.5,13.4,49.5,51.3,40.2,35.9,66.7,,,,2025,,,,-13.481735889406,71.3,73.1
Rutgers,115.5959394638,103.78245661377,0.77551956827718,15–17,15,32,50.6,52.8,36.2,30.5,15.4,17.4,30.8,32.2,69.5,51.3,52.9,32.9,35.1,10.2,8.4,47.7,51.5,36.3,37.7,69.4,,,,2025,,,,-3.049088691434,71.8,69.6
"Nicholls St.",106.06623116552,105.63171690121,0.51179981501595,17–13,17,30,48.1,48.1,33.1,35.9,15.3,16.7,30.6,31.5,68.3,45.6,49.9,35,30.1,10.2,12,42.8,49.6,36.8,37.6,68.8,,,,2025,,,,-6.9609342700584,68.6,71.1
"Sacramento St.",94.773195416854,113.2159682953,0.11457664837862,4–25,4,29,48,55.1,31.3,39.2,20.3,17.1,27.4,27.6,65.7,49.1,55.2,31.2,36.6,9.4,10.6,53.3,58.5,44.9,46,66.1,,,,2025,,,,-20.776140493766,68.2,71.7
"William & Mary",107.33305742001,111.75565357259,0.38595472864837,15–15,15,30,53.7,53.5,35.6,35.5,18.1,17.6,26.2,30.2,71,55.8,54.4,34.5,34.8,4.8,11.5,62,51.4,51.5,41.6,72.1,,,,2025,,,,-10.585612521582,72.8,72.2
Colgate,103.53385485657,112.30040035432,0.28197098040376,13–19,13,32,54.2,53.3,22.6,25.5,16.7,16.3,23.7,26.9,66.7,54.6,51.5,35.7,37.3,6.9,9.4,52.4,53.9,42.2,40,67.7,,,,2025,,,,-14.843173824021,73.1,70.2
USC,116.37470277184,101.99725679904,0.82002199610077,16–17,16,33,54.6,52.4,36.4,34.9,17.8,17.8,28.2,30.9,69.1,54.3,54.3,36.7,32.9,8.4,9.3,56.9,58.4,34.7,38.5,69,,,,2025,,,,-3.2276876379467,74.6,75.4
Merrimack,98.838037707513,101.30595790537,0.4295662623416,18–15,18,33,49.4,46.9,24.4,29.9,13.8,23.2,20.8,38.6,64.7,49.3,47.2,33,31,10.6,8.7,49.7,59.9,42.9,36.3,65.2,,,,2025,,,,-9.8308444290273,72.3,71.8
UNLV,107.41299520285,100.28314746705,0.68780135568818,18–15,18,33,49.7,49.3,35.8,32,16.2,17.8,27.3,29.8,66,49.6,50.5,33.3,31.9,11.5,8.7,49.6,61.3,34.6,43.4,66.5,,,,2025,,,,-5.1190548771417,71.7,71.2
"Illinois St.",112.79401978994,108.72018040595,0.60420993079801,18–14,18,32,56,53.8,30.7,31.4,15.8,16.7,24.6,24.9,66.1,56.6,53.5,36.9,36.1,5.5,8.9,54.3,50,47.5,43.3,66.3,,,,2025,,,,-7.7439777326804,74.7,75
Manhattan,107.06489362326,115.55518887755,0.29367520943672,16–13,16,29,50.7,50.5,31,25.9,17,15.2,32.6,31.9,67.4,50.3,51.8,34.2,32.5,7,11.3,57.2,58.8,41.9,42.3,68.2,,,,2025,,,,-9.949968861007,76.8,72.8
Utah,112.02195515355,100.25300719434,0.78184912931082,16–16,16,32,51.7,48.7,37,33.4,18.1,15.7,34.9,28.4,69.1,53.9,47.4,32.6,33.8,10.2,13.3,66.4,52,43.8,40,69.5,,,,2025,,,,-2.9326282740541,63.9,70.2
"Louisiana Tech",107.91932970755,105.39528461627,0.56762315216432,17–12,17,29,52.5,47.8,35,32,18.9,14.7,29.3,28.7,65.8,53.5,48.8,34.1,30.8,11,8.9,57.5,47.8,41.4,38.9,65.1,,,,2025,,,,-6.4027386140028,75,69.9
"Youngstown St.",101.26974820865,104.65245424319,0.40664375792704,19–13,19,32,49.8,48.8,36.4,35.8,17.6,18,29.3,31.2,70,52.1,48.1,31.3,33.5,13.2,8.8,51.4,52.6,46.2,32.8,69.9,,,,2025,,,,-8.8463483018638,73.7,70.5
Jacksonville,100.88342793424,103.42428354128,0.42897060132535,17–13,17,30,50.1,50.7,28.2,34.5,19.3,18.7,35.3,30.5,68.4,47.3,50,37,34.6,13.1,9.4,50.8,49.9,33.9,38.2,68.1,,,,2025,,,,-7.6190635785642,68.2,70.1
"Tennessee St.",102.40856009314,108.56116708248,0.33828419370859,14–16,14,30,51.3,48.8,41.4,39.3,21.1,17.4,33.8,30.3,71.3,52.5,48.1,32.6,33.4,9.5,8.4,47.3,48,33.6,35.9,71.2,,,,2025,,,,-12.897402287477,68.4,68.6
Stanford,112.57897399264,102.27740944072,0.7509360231821,20–13,20,33,50.4,50.6,29.7,36,15.8,17.6,31.1,28.2,67,49.9,50.9,34.1,33.4,9.6,6.8,54.1,40.8,41.4,34.1,66.8,,,,2025,,,,-2.7288086068857,78.8,75
Longwood,105.05567629499,109.81176897583,0.37538381174132,15–14,15,29,51.3,55.9,45.4,38.3,18,20.7,32.1,29.6,70.3,52.3,59.8,32.9,33.7,6.5,7.8,49.7,49.6,33.9,41.6,69.7,,,,2025,,,,-9.6797578778954,72.4,68.7
"Sacred Heart",105.11466689544,111.69293338267,0.33224057678958,14–18,14,32,51,51.8,26.3,27.6,17.7,17.6,31.4,29.9,70.3,50.3,50.8,34.5,35.4,8.4,10.7,61.7,59.9,44.6,43.1,71,,,,2025,,,,-14.596568936339,73.5,74
"Western Kentucky",103.11561645565,102.46289945195,0.51824834842625,15–15,15,30,47.9,47.4,32.1,40.6,15.5,17,23.5,28.1,72.8,48,48.7,31.7,30.5,8.1,11.4,44.1,54.7,39.7,44.1,72.5,,,,2025,,,,-8.2115808640188,72.2,74.1
"UT Arlington",106.53650587537,112.41220044434,0.35037872999472,11–18,11,29,51.7,50.4,37,34.3,19.2,16.4,32.8,32.5,68.5,50.6,48.5,35.4,36,7.8,10.3,53.7,57,42.2,34.9,68.3,,,,2025,,,,-12.84858861757,65.3,73.5
Fordham,105.58334856333,110.65949866519,0.36818568144883,11–21,11,32,48.6,52.8,32.8,39.2,18.4,16.7,31.5,30.6,70.2,49.1,52.6,32,35.5,8.3,10.3,52.1,49.6,41.5,31.8,70.3,,,,2025,,,,-14.054669632667,72.3,71.4
"Alabama St.",101.42467597576,110.61391652953,0.26945504824627,18–15,18,33,47.1,50.3,29.9,38.7,13.2,18.6,28.3,31.1,69.1,45.4,50.4,32.9,33.4,8.4,9.1,45.4,50.3,42.9,39.5,68.4,,,,2025,,,,-10.110598210979,69.8,69.9
"Wichita St.",106.19939027439,104.19869684271,0.55446195773879,18–14,18,32,48.7,49.9,35.2,28.3,16.4,15.7,31.9,28.4,69.1,50.1,49.9,30.2,33.3,11.7,10.9,44.6,51.9,28.4,38.3,69.4,,,,2025,,,,-7.2799110209152,72.6,66.9
"Texas Tech",125.58211272125,96.89835586251,0.95175055693567,25–8,25,33,55.5,48,29.7,33.5,14.8,17.4,34.3,28.5,66.4,54.3,48.2,37.9,31.7,8.1,8,58.5,45,44.6,34.1,66.3,,,,2025,,,,5.8356259336352,76.4,69.5
"Boise St.",115.46774008819,99.609575965407,0.84539468960245,23–10,23,33,52.1,49.6,39.2,31.1,16.9,16.1,33.2,22.6,65.7,56.3,48.6,31,34.2,7.2,10,56.4,44.9,43.3,36.2,66.1,,,,2025,,,,0.0047419234792608,77.9,69.2
