torvik_rank,team,conf,record,adj_o,adj_d,barthag,year,opponent_tier
1,Kansas,B12,29-4,121.3711529859761,90.78329819998316,0.9657542152044054,2016,1
2,Villanova,BE,29-5,118.51506274771768,90.81033188221184,0.9553007921265497,2016,1
3,Virginia,ACC,26-7,119.26622276685694,91.41114533389671,0.9551649400690385,2016,1
4,Kentucky,SEC,26-8,124.46299763666133,95.60097978426211,0.954086364117416,2016,1
5,Michigan St.,B10,29-5,122.25576356605438,94.24144030483843,0.9522539586620569,2016,1
6,West Virginia,B12,26-8,115.78148974853548,90.44645614399866,0.9447935560947992,2016,1
7,North Carolina,ACC,28-6,119.52554665959833,93.49685125348606,0.9439816409852599,2016,1
8,Purdue,B10,26-8,117.52720625429944,93.18761463414572,0.9351501682043073,2016,1
9,Oklahoma,B12,25-7,117.24543796375275,93.23622335966219,0.9330824107563808,2016,1
10,Wichita St.,MVC,23-8,111.30181952177108,89.3374946727163,0.9260801803404609,2016,1
11,Vanderbilt,SEC,19-13,115.30395240076075,93.11651819005694,0.9211286234688948,2016,1
12,Texas A&M,SEC,26-8,113.82673785476427,91.95896796612236,0.9208062435116763,2016,1
13,Indiana,B10,25-7,120.56427926730244,97.43509004797026,0.9205220483248326,2016,1
14,Louisville,ACC,23-8,111.11508937748715,89.82248026643896,0.9202984569170392,2016,1
15,Oregon,P12,27-6,119.40868623557333,96.58061087769828,0.9198271122430857,2016,1
16,Iowa St.,B12,21-11,121.31499802563945,98.21114357441691,0.9190578077010377,2016,1
17,Miami FL,ACC,25-7,118.3157988147475,95.90171708898343,0.9179929413556314,2016,1
18,Arizona,P12,25-8,117.27025959655597,95.5016646119577,0.913834632461838,2016,1
19,Xavier,BE,27-5,117.06166914681174,95.37472656914892,0.9134260524848278,2016,1
20,California,P12,23-10,113.12518047821894,92.3199946972918,0.9119109331992957,2016,1
21,Duke,ACC,23-10,121.1701995229858,98.91700957652054,0.9116155224646094,2016,1
22,Gonzaga,WCC,25-7,117.36259303720877,96.24264615170443,0.9073374565029554,2016,1
23,Iowa,B10,21-10,115.15674172092798,94.78377534454488,0.9036977364964576,2016,1
24,Baylor,B12,21-11,119.5051939280219,98.74958032304261,0.8996991106754293,2016,1
25,SMU,Amer,25-5,117.35679272469753,97.11499774522453,0.8981846073730843,2016,1
26,Seton Hall,BE,25-8,111.5018752303304,92.49120772276976,0.8956379297180579,2016,1
27,Utah,P12,25-8,116.08417514061411,96.34467821837283,0.8950512916342954,2016,1
28,Maryland,B10,24-8,114.8863412997284,95.93271293839348,0.8882914885163575,2016,1
29,Saint Mary's,WCC,26-5,118.37875259405953,99.33255327589185,0.8825997659640333,2016,1
30,Connecticut,Amer,24-10,110.50174182717998,92.74466150854066,0.882319730800117,2016,1
31,VCU,A10,24-10,111.63845608375195,93.89083974228798,0.8798517083927146,2016,1
32,Texas,B12,20-12,112.1997748609292,94.4303465721718,0.8789806800847498,2016,1
33,Butler,BE,21-10,117.55012480426147,99.15029130862584,0.8762754222303285,2016,1
34,Cincinnati,Amer,22-10,109.00787125272761,92.23502270005449,0.8722969274676355,2016,1
35,Syracuse,ACC,19-13,111.20692350099048,94.48695840757131,0.8668863331108202,2016,1
36,Florida,SEC,19-14,109.21046584127784,93.10431152146887,0.8623442640354991,2016,1
37,Saint Joseph's,A10,27-7,113.50386541976016,97.21382651464742,0.8558974476716157,2016,1
38,Wisconsin,B10,20-12,111.1157810242209,95.24210667618195,0.8547970648402554,2016,1
39,Pittsburgh,ACC,20-11,114.74417380276735,98.44065919529322,0.8535085202569775,2016,1
40,USC,P12,21-12,114.01356368063605,98.12942065579887,0.8488163129703227,2016,1
41,Kansas St.,B12,17-16,108.7324486891375,93.61009363193801,0.8484053793564907,2016,1
42,Valparaiso,Horz,24-6,106.81382926906966,92.0538234273227,0.8468635938942205,2016,1
43,Dayton,A10,25-7,106.41174440383554,92.32737313548851,0.8365413350585682,2016,1
44,Creighton,BE,18-14,111.76579921882362,97.17104259082845,0.8333041490265747,2016,1
45,Texas Tech,B12,19-12,113.68136854638749,99.17659790940658,0.8277437748160243,2016,1
46,Michigan,B10,21-12,114.26873014948329,99.76738828509585,0.8264513898621645,2016,1
47,Yale,Ivy,21-6,108.89654430506758,95.19113811280029,0.8244628862281923,2016,1
48,South Carolina,SEC,23-8,107.92265494844796,94.35003915798967,0.8242825330150693,2016,1
49,Clemson,ACC,17-14,112.05891498405788,98.06094819220675,0.8226650582243288,2016,1
50,San Diego St.,MWC,23-9,103.37975053479434,90.51903842781374,0.8216786980851963,2016,1
51,Georgia Tech,ACC,19-14,112.71623792020925,98.77596130021087,0.8202763741134129,2016,2
52,Notre Dame,ACC,21-11,117.7607869873842,103.21128723820789,0.8200353286442116,2016,2
53,Colorado,P12,21-11,107.90504272469792,94.6691970119305,0.8183076768180046,2016,2
54,Washington,P12,18-14,109.91763850120807,96.5752427888029,0.8158083396876996,2016,2
55,BYU,WCC,22-10,111.07234790263588,97.9112328952503,0.8100577773507533,2016,2
56,Florida St.,ACC,19-13,112.20085462297307,99.06836011027436,0.8071389196748425,2016,2
57,George Washington,A10,23-10,112.86238460627212,99.87257813662762,0.8031583024148417,2016,2
58,Providence,BE,23-10,107.94671346651714,95.54347862405481,0.802762035168472,2016,2
59,Stephen F. Austin,Slnd,23-5,109.57338256461844,96.99390277280506,0.8025617967592557,2016,2
60,Oregon St.,P12,18-12,110.10064108008791,97.54364244441899,0.8010057503816951,2016,2
61,Princeton,Ivy,21-6,112.45163453897803,99.64735817371357,0.8006218244716916,2016,2
62,Georgetown,BE,15-18,110.84697179125699,98.37082513757952,0.7978923198266045,2016,2
63,Georgia,SEC,19-13,107.29418691796121,95.29665753820699,0.7963550276268847,2016,2
64,UCLA,P12,15-17,111.85456170206243,99.55094508845103,0.79250546375575,2016,2
65,Houston,Amer,22-9,116.7585731376567,104.12525438273741,0.7886669003048383,2016,2
66,LSU,SEC,19-14,112.28543698314732,100.18415876786186,0.7877460076513474,2016,2
67,Northern Iowa,MVC,21-12,108.19376708137571,96.84314415562454,0.7815220621867158,2016,2
68,Hawaii,BW,25-5,106.87123324094992,95.79548864203656,0.7787168729633454,2016,2
69,Arkansas,SEC,16-16,109.85649653887245,98.76342930463977,0.772792489514924,2016,2
70,Virginia Tech,ACC,19-14,109.03943307027967,98.23389001056634,0.7685462514027511,2016,2
71,Arkansas Little Rock,SB,27-4,107.33490007700188,96.72592244784725,0.7679608751014262,2016,2
72,Northwestern,B10,20-12,109.58796737361688,99.09394638686541,0.7608929146906097,2016,2
73,Alabama,SEC,18-14,105.99116310579619,95.907921748853,0.7594418890648875,2016,2
74,Mississippi,SEC,20-12,111.10423904892642,100.58319926944678,0.7584245631626906,2016,2
75,Tulsa,Amer,20-11,109.73222675606722,99.34377597855936,0.7583680143522962,2016,2
76,Mississippi St.,SEC,14-17,109.07850087334796,98.96557461899965,0.7537848422842746,2016,2
77,North Carolina St.,ACC,16-17,113.6349856484594,103.12070790641681,0.7533480096194721,2016,2
78,Memphis,Amer,19-15,106.26411545449886,96.54796345526744,0.7507673371407183,2016,2
79,Ohio St.,B10,20-13,106.01062126439277,96.3255465869013,0.7505908236883323,2016,2
80,St. Bonaventure,A10,22-8,113.60529229154832,103.49122662099384,0.7450335677070392,2016,2
81,Marquette,BE,20-13,108.18862253775544,98.70577910448208,0.7417197394361816,2016,2
82,Rhode Island,A10,17-15,107.65817854879401,98.22826225227385,0.7415754244901005,2016,2
83,South Dakota St.,Sum,24-7,110.1543078970324,100.5267933163506,0.7411138239755098,2016,2
84,Oklahoma St.,B12,12-20,106.14978019676624,96.91016840390427,0.7402496795249195,2016,2
85,UC Santa Barbara,BW,17-13,107.10305454054529,97.87173809917567,0.7381813071713629,2016,2
86,Temple,Amer,21-11,106.44514277628878,97.39080966305654,0.7354254251154239,2016,2
87,Monmouth,MAAC,27-7,106.07042334562783,97.27521904545003,0.7301587594662972,2016,2
88,Arizona St.,P12,15-17,108.71035671290464,99.78491390122744,0.7281399145914956,2016,2
89,Nebraska,B10,16-18,109.53872110446378,100.57547917737031,0.7274554458779285,2016,2
90,Tennessee,SEC,15-19,110.7062312275983,101.73434106607704,0.7255030104523957,2016,2
91,William & Mary,CAA,18-11,112.82759141477891,103.72728865903701,0.7245411603658268,2016,2
92,Akron,MAC,25-8,109.5666068829545,100.88988459153293,0.7208706095811761,2016,2
93,UC Irvine,BW,23-9,105.81982837983175,97.63772989401137,0.716151294735048,2016,2
94,UNC Wilmington,CAA,23-7,108.99657902491899,100.63256451809971,0.7146684245409598,2016,2
95,Boise St.,MWC,18-12,108.17648732427108,99.90737365129816,0.7139173068650226,2016,2
96,Cal St. Bakersfield,WAC,21-8,102.83739543700264,95.01829976991684,0.7128804111826522,2016,2
97,Evansville,MVC,24-9,105.38007086414532,97.46079286850184,0.7106244350196683,2016,2
98,Richmond,A10,16-16,112.54308414302125,104.19420773463773,0.7081498327508203,2016,2
99,Long Beach St.,BW,18-14,106.89991642967772,99.10940846745106,0.704785146950655,2016,2
100,James Madison,CAA,20-11,105.97336613907393,98.4444189460978,0.700042527945812,2016,2
101,Iona,MAAC,22-10,109.42143037052503,101.7846228719508,0.6967773965570199,2016,3
102,Stanford,P12,14-15,107.07579951392876,99.65964776863143,0.6953868113145885,2016,3
103,Oakland,Horz,21-11,114.6705587668548,106.85286665222998,0.6925399483586498,2016,3
104,UT Arlington,SB,22-10,106.25533084747629,99.21677988707481,0.6874414847275281,2016,3
105,Hofstra,CAA,23-9,109.82163450952008,102.62083477437207,0.685656513595836,2016,3
106,Wake Forest,ACC,11-20,106.58859984484013,99.60510128301456,0.6855241815812745,2016,3
107,New Mexico,MWC,17-15,108.38347095434096,101.57726447317104,0.6782721031424611,2016,3
108,Davidson,A10,19-12,113.34720284199526,106.47955768942576,0.6723384871339442,2016,3
109,Stony Brook,AE,24-6,105.2772240279932,99.08743376572018,0.6674859895961844,2016,3
110,Fresno St.,MWC,23-9,105.97774980889167,100.12043272183733,0.6578745606570008,2016,3
111,Old Dominion,CUSA,22-13,104.78495808621253,99.11305268208099,0.654745435800588,2016,3
112,New Mexico St.,WAC,21-10,101.76586764466262,96.41064048911659,0.6505980715955125,2016,3
113,UNLV,MWC,16-15,103.22025113558934,98.07344329337309,0.6429536731719264,2016,3
114,Chattanooga,SC,27-5,105.18168370111701,99.94088885074228,0.6428528978015713,2016,3
115,Toledo,MAC,16-15,107.85197553363582,102.68093403953606,0.6376161001150356,2016,3
116,Illinois St.,MVC,17-14,103.0963988596991,98.35755776773814,0.6320760254153113,2016,3
117,Columbia,Ivy,19-10,111.22765757185212,106.30572358964882,0.6272621827513605,2016,3
118,Louisiana Monroe,SB,18-13,107.65227891181758,103.1736804140446,0.6197918867067026,2016,3
119,UAB,CUSA,25-6,107.52135743944513,103.13852440028936,0.6174148636666753,2016,3
120,Milwaukee,Horz,18-13,111.324669752593,106.80520335237826,0.6169467604948764,2016,3
121,Ohio,MAC,20-11,110.74980650723748,106.47368968349893,0.6113097785352324,2016,3
122,Illinois,B10,15-19,105.53302919184699,101.70766605065612,0.6045822497987285,2016,3
123,Belmont,OVC,19-11,112.41740353755549,108.4161269647916,0.6027129479820666,2016,3
124,Northeastern,CAA,17-15,106.15037461245001,102.39356839292496,0.602137025448922,2016,3
125,Siena,MAAC,21-12,107.05423614251563,103.34163450370795,0.6001032496384311,2016,3
126,TCU,B12,12-21,100.0627558110321,96.74209582775126,0.5958282466237195,2016,3
127,College of Charleston,CAA,16-14,96.29951082770225,93.17566501152602,0.5936877488526129,2016,3
128,Pepperdine,WCC,17-13,105.92643332788758,102.60804836639824,0.5904986678015488,2016,3
129,Wright St.,Horz,20-13,100.4210571869844,97.29368762929468,0.5899684067806543,2016,3
130,Duquesne,A10,15-16,107.01252102131247,103.74096881846103,0.5883286770706081,2016,3
131,Utah St.,MWC,14-15,110.15902256706724,106.80250580480161,0.5880357849590102,2016,3
132,Louisiana Lafayette,SB,15-14,108.16096574531232,104.98025169534651,0.5849810590470615,2016,3
133,Middle Tennessee,CUSA,22-9,102.26691985243504,99.308178850344,0.58361245287867,2016,3
134,IPFW,Sum,22-9,111.50709796451261,108.44923436879418,0.5792681515755961,2016,3
135,Grand Canyon,WAC,24-6,103.52571174845184,100.78656744840868,0.5764877248124833,2016,3
136,Central Michigan,MAC,14-15,110.74481378045921,107.87087166502077,0.5750236272531896,2016,3
137,Albany,AE,23-8,104.48525085513147,101.91675523455956,0.571072928298319,2016,3
138,Weber St.,BSky,23-8,102.09205842844679,99.61306936749457,0.5702050996915612,2016,3
139,Buffalo,MAC,19-14,104.96676707060047,102.50474312845199,0.5678168165350935,2016,3
140,Green Bay,Horz,21-12,106.95998348928772,104.47724279495796,0.5671133511825529,2016,3
141,Marshall,CUSA,17-16,109.93939747222402,107.61921712090682,0.5610182515329625,2016,3
142,Southern Illinois,MVC,22-10,104.90559717988725,102.77474089795946,0.5587263181866564,2016,3
143,Nevada,MWC,17-13,97.63335640218568,95.75873270672055,0.5555089510185728,2016,3
144,UNC Asheville,BSth,20-11,100.88489993366827,98.96678739564447,0.5549653210697743,2016,3
145,Penn St.,B10,16-16,101.43692287698974,99.54595759980296,0.553890833999105,2016,3
146,Towson,CAA,18-12,105.001986241055,103.11260207734676,0.5520143869910656,2016,3
147,Colorado St.,MWC,16-16,111.40784387568729,109.64396062623062,0.5457547464952611,2016,3
148,Fordham,A10,16-13,102.04764853576997,100.63301598350685,0.5400474565157511,2016,3
149,Eastern Michigan,MAC,14-15,105.9737562686651,104.63156164170397,0.5365799618861182,2016,3
150,Murray St.,OVC,15-14,106.68728099105746,105.44639358033643,0.5335846744458722,2016,3
151,Vermont,AE,20-13,107.24728627157982,106.06821899925785,0.5317397903850845,2016,3
152,Massachusetts,A10,14-18,102.00454390942232,100.9108882364949,0.5309515157994983,2016,3
153,Nebraska Omaha,Sum,16-13,107.609947887468,106.53195213853276,0.5289135964698902,2016,3
154,North Florida,ASun,19-11,113.92579374197814,112.84339724412845,0.5274181149399257,2016,3
155,Montana,BSky,18-11,104.77590631993107,103.8147147420973,0.5264715780655965,2016,3
156,North Dakota St.,Sum,18-13,100.46178333870996,99.63829055607701,0.5236460583839034,2016,3
157,Coastal Carolina,BSth,15-11,103.34892523422167,102.75881471767687,0.5164570194476509,2016,3
158,Missouri,SEC,10-21,102.95175824508334,102.388039573695,0.5157802532168622,2016,3
159,Morehead St.,OVC,17-12,103.19963937267144,102.72798318569593,0.5131667659644799,2016,3
160,High Point,BSth,18-10,108.89886661640399,108.65561121677308,0.5064289278735588,2016,3
161,Wyoming,MWC,12-18,108.02756899489626,107.89320377905707,0.5035781036353242,2016,3
162,Ball St.,MAC,18-13,101.8918379129322,101.81698587461108,0.502112803314072,2016,3
163,Elon,CAA,14-16,104.91673757926434,105.09455320316081,0.4951316533177372,2016,3
164,Louisiana Tech,CUSA,21-9,102.89937872984191,103.1846966343759,0.4920399459031103,2016,3
165,Harvard,Ivy,12-16,98.94673625879446,99.29234646870464,0.48997677721102906,2016,3
166,Tennessee St.,OVC,18-10,100.50013267843542,100.87595111599457,0.4892706881772207,2016,3
167,Loyola Chicago,MVC,14-17,99.98846349782997,100.39207075925634,0.48842038259727616,2016,3
168,Oral Roberts,Sum,12-17,106.63906473725137,107.10877061361819,0.4873671780411966,2016,3
169,Western Kentucky,CUSA,16-16,107.70645058033082,108.20187133051616,0.4868091545576427,2016,3
170,Northern Illinois,MAC,17-12,100.31222442451906,100.79026850189959,0.4863349575331647,2016,3
171,Lehigh,Pat,16-15,104.24276673836513,104.84695468425957,0.483390804116423,2016,3
172,Georgia St.,SB,14-14,99.24290870125598,99.97813945615462,0.4787921027080586,2016,3
173,Bucknell,Pat,16-13,103.74136942973885,104.53487139388253,0.47810724324452386,2016,3
174,DePaul,BE,9-22,103.5766761496422,104.46298711217692,0.47552272008973656,2016,3
175,Florida Gulf Coast,ASun,16-13,102.67804504980592,103.63683117869397,0.47330382922297004,2016,3
176,Eastern Washington,BSky,15-15,111.4526859613168,112.51461791603629,0.47276339026135983,2016,3
177,East Tennessee St.,SC,21-11,105.72269773977672,106.7742609516074,0.47157597592586104,2016,3
178,Winthrop,BSth,20-9,106.15049049105752,107.20670911217032,0.4715652729673323,2016,3
179,Detroit,Horz,14-15,109.57257145457075,110.68340159874228,0.47103290816028004,2016,3
180,Kent St.,MAC,18-13,105.1451195419814,106.50604791897467,0.4630939257894473,2016,3
181,Denver,Sum,16-15,102.25267506284993,103.69335266557209,0.4598622695362127,2016,3
182,Fairfield,MAAC,19-13,104.04250345979949,105.90486431025002,0.4491688755440419,2016,3
183,Wagner,NEC,21-10,99.41546932115638,101.22444412041028,0.44834143700592066,2016,3
184,East Carolina,Amer,12-20,102.53002462716877,104.46980410219155,0.4463232566908097,2016,3
185,Auburn,SEC,11-20,100.26686987718945,102.1794194943636,0.44588974886648514,2016,3
186,Western Michigan,MAC,11-19,102.52880617961952,104.49929930448033,0.4454873994047826,2016,3
187,UCF,Amer,12-18,100.05774754824654,101.98551881846066,0.4453545524191588,2016,3
188,North Dakota,BSky,14-15,98.95419262015298,100.86709667533957,0.44517446881288997,2016,3
189,Portland,WCC,11-20,107.3644946774582,109.45449690142613,0.4447977508058118,2016,3
190,George Mason,A10,11-21,101.459948213133,103.5065231161117,0.44283580719507637,2016,3
191,Wofford,SC,13-17,105.06504448934992,107.25593173465487,0.4409420454541283,2016,3
192,Indiana St.,MVC,14-17,97.41450104399388,99.50394872208427,0.43928709284946843,2016,3
193,Furman,SC,16-15,103.73732078229656,106.00738714141818,0.43808475002696884,2016,3
194,Mercer,SC,16-15,104.97130065161805,107.3843881071719,0.4350269684461142,2016,3
195,Washington St.,P12,8-22,101.48131289681442,103.9344543256951,0.4317569331574456,2016,3
196,Texas A&M Corpus Chris,Slnd,23-7,100.3786322527277,102.83964889440921,0.43080966321103076,2016,3
197,Cal Poly,BW,8-20,106.5064823134141,109.51100961776933,0.42069494152865233,2016,3
198,Minnesota,B10,8-23,99.77052332129878,102.65469135961337,0.41879360609062,2016,3
199,Navy,Pat,18-14,99.00459322432184,102.17640728838427,0.41031885400006396,2016,3
200,Tulane,Amer,13-21,96.77195649606494,99.94347999763492,0.408336332722153,2016,3
201,Loyola Marymount,WCC,13-17,103.20566396579375,106.73727345059194,0.40445488318435097,2016,3
202,Eastern Kentucky,OVC,14-16,105.64853063319177,109.34625921587903,0.4023652403145688,2016,3
203,Tennessee Tech,OVC,17-11,106.84989246352337,110.63469477404362,0.4012400845686584,2016,3
204,UTEP,CUSA,18-14,102.40010757583894,106.09738313161034,0.39941562289067095,2016,3
205,Texas Southern,SWAC,18-14,104.040853952926,107.82184280874782,0.3987895875898686,2016,3
206,IUPUI,Sum,12-19,98.15794404264408,102.04926012353559,0.39005179291122666,2016,3
207,Pacific,WCC,6-20,99.63595859171713,103.61384068094833,0.38931331743185327,2016,3
208,San Francisco,WCC,14-15,105.4171912664307,109.68085892746075,0.387943451026891,2016,3
209,Georgia Southern,SB,12-17,103.79547588549184,108.0668294059989,0.3860929048143639,2016,3
210,Saint Louis,A10,11-21,96.411543844497,100.50241197296248,0.3827501390047471,2016,3
211,Idaho,BSky,19-12,98.00951724360831,102.42821534279287,0.375868272755197,2016,3
212,UNC Greensboro,SC,11-18,102.90742879399099,107.70510279029293,0.37191224362511116,2016,3
213,Charlotte,CUSA,14-19,103.81750731441493,108.67751238550309,0.3714203857711416,2016,3
214,Rider,MAAC,13-20,98.50476189466848,103.1441003248032,0.3706907239148817,2016,3
215,Dartmouth,Ivy,9-18,98.92557911616771,103.6241237841754,0.36967143001776553,2016,3
216,Boston College,ACC,7-25,94.72474238755163,99.2464004092572,0.36906041475026,2016,3
217,South Dakota,Sum,12-18,104.58202139729414,109.58090330742593,0.36889695232544234,2016,3
218,Missouri St.,MVC,12-19,99.85883534037836,104.78750205379856,0.3649287366078885,2016,3
219,Boston University,Pat,17-14,101.93269897213374,107.05385725154592,0.36268680317473956,2016,3
220,Texas St.,SB,13-16,98.40816625329856,103.36521346947431,0.36235347493779907,2016,3
221,St. John's,BE,7-24,95.90423927098672,100.79866728308217,0.36068047720416824,2016,3
222,Western Carolina,SC,13-17,99.23902678197976,104.32261377491866,0.3601983825367164,2016,3
223,FIU,CUSA,11-19,102.20752483756402,107.4899567942613,0.3590455078815934,2016,3
224,UC Riverside,BW,12-19,99.74012001597336,104.900632879349,0.3589041148739732,2016,3
225,Montana St.,BSky,13-17,106.21494904255681,111.82712838555923,0.356146928615914,2016,3
226,NJIT,ASun,16-14,100.17789413316862,105.72663461961156,0.349791249308166,2016,3
227,Canisius,MAAC,14-19,106.70565519219346,112.9730441242175,0.34155697858570533,2016,3
228,Gardner Webb,BSth,14-16,99.82110776879713,105.6953588604987,0.34128227149989027,2016,3
229,South Florida,Amer,8-25,97.90987707088583,103.81991106782328,0.33759752462849024,2016,3
230,Saint Peter's,MAAC,14-16,95.26403649148828,101.0360053614553,0.3370468008042569,2016,3
231,UC Davis,BW,9-19,92.75340050304476,98.46643369873064,0.334618264136575,2016,3
232,Santa Clara,WCC,10-20,101.05251869064844,107.38202901940736,0.33211084833346427,2016,3
233,Army,Pat,18-13,98.7802890039713,105.02896096837483,0.33061881728418085,2016,3
234,La Salle,A10,8-22,99.29591202726245,105.61319538278508,0.3297518642516409,2016,3
235,Austin Peay,OVC,16-17,102.43714330184818,108.9673531904842,0.32944684929769147,2016,3
236,San Jose St.,MWC,6-22,96.38902105557469,102.56791270838988,0.3285991746362066,2016,3
237,Cal St. Northridge,BW,8-20,99.41498099232541,105.80808457587972,0.3281140586780089,2016,3
238,Manhattan,MAAC,13-18,98.7193665356404,105.08733908171341,0.327641289976914,2016,3
239,Radford,BSth,14-15,102.32584761592767,108.950536431127,0.32708161833419547,2016,3
240,Bowling Green,MAC,14-18,99.1313576958859,105.58906788045829,0.3261272177775605,2016,3
241,Sam Houston St.,Slnd,15-15,100.66748431796216,107.25551968947539,0.3254145453084973,2016,3
242,Tennessee Martin,OVC,17-14,102.69500133460778,109.45303506031917,0.32455444089534613,2016,3
243,Western Illinois,Sum,7-17,99.3337347372664,105.99005246632078,0.32171749231033114,2016,3
244,Southern,SWAC,19-12,99.64245313570011,106.32599123437116,0.32156331079033934,2016,3
245,Norfolk St.,MEAC,15-16,104.46497089423168,111.75455475497377,0.31524486948757874,2016,3
246,Samford,SC,11-20,101.14987084865909,108.21640745957765,0.3150549291215258,2016,3
247,Drexel,CAA,6-24,98.64673467203482,105.62663545824634,0.3129846408898084,2016,3
248,Cal St. Fullerton,BW,8-20,101.39579868601076,108.64144979366662,0.31136499537722073,2016,3
249,New Hampshire,AE,17-12,98.32071563583929,105.52880308475413,0.3071205586090797,2016,3
250,Portland St.,BSky,11-18,101.99600228558482,109.47613750594488,0.3070623259873071,2016,3
251,Kennesaw St.,ASun,9-20,100.76715816334786,108.34144151756641,0.30291284606955493,2016,3
252,Miami OH,MAC,12-20,96.15493845701351,103.48726190566789,0.30045995873274955,2016,3
253,Jackson St.,SWAC,18-15,93.9331526349532,101.16635830849833,0.2987822965606174,2016,3
254,Lipscomb,ASun,10-21,101.51422801347286,109.37216368306983,0.29788062279667965,2016,3
255,Jacksonville,ASun,12-16,100.14021836458969,108.07842575030837,0.29374049874197977,2016,3
256,Northern Kentucky,Horz,7-21,99.31904180331212,107.4792938748075,0.28739895950369876,2016,3
257,Air Force,MWC,12-18,97.77265440666905,105.82570506884977,0.2869572839272216,2016,3
258,Colgate,Pat,12-17,102.70253656070193,111.50791684462938,0.27969481556268705,2016,3
259,Arkansas St.,SB,9-20,98.84251223725536,107.33588215722742,0.27928623729933444,2016,3
260,Penn,Ivy,10-17,98.53189195337552,107.02425130005578,0.278731076379236,2016,3
261,South Alabama,SB,12-19,95.06554773341819,103.47863675515187,0.27384855421767956,2016,3
262,UMKC,WAC,9-19,101.92714076767413,110.99009226080435,0.27297098188170593,2016,3
263,Hampton,MEAC,20-10,98.13223970509509,106.87587768857584,0.2725843111919664,2016,3
264,Mount St. Mary's,NEC,14-19,92.52288402430659,100.79474623921936,0.27195077522834094,2016,3
265,Idaho St.,BSky,14-15,98.63754720127687,107.65844387223645,0.26768807136695905,2016,3
266,Drake,MVC,6-24,102.654391622553,112.0531947058974,0.2674759452367735,2016,3
267,San Diego,WCC,8-21,92.6735806563899,101.26426161587152,0.26512941262953776,2016,3
268,Rutgers,B10,6-25,97.72075317409485,106.79189759976063,0.2648651343832553,2016,3
269,Eastern Illinois,OVC,11-17,99.40502760173717,108.63930417334936,0.26472529328481115,2016,3
270,Troy,SB,8-21,97.8058746907499,106.93590523567964,0.26379866772141863,2016,3
271,Delaware,CAA,7-23,100.71246058236817,110.2135874457029,0.2617809448114746,2016,3
272,Appalachian St.,SB,9-22,100.7535823172347,110.30016023645737,0.26094404142696787,2016,3
273,Brown,Ivy,7-20,101.20875836242374,111.0071386453171,0.2567926835364837,2016,3
274,Loyola MD,Pat,9-21,100.51995384312315,110.50973770200464,0.2516945582700194,2016,3
275,South Carolina St.,MEAC,17-15,102.14518088707527,112.44177820731706,0.248904260630924,2016,3
276,Utah Valley,WAC,9-18,99.71356227840067,110.01629476603807,0.24402122515184724,2016,3
277,LIU Brooklyn,NEC,16-15,100.17604951801982,111.06644693462499,0.2338327513497077,2016,3
278,Fairleigh Dickinson,NEC,17-14,103.95115948911966,115.26545390197991,0.23359161030659578,2016,3
279,Rice,CUSA,10-20,104.29730688860259,115.66509212663277,0.23331020103373856,2016,3
280,Quinnipiac,MAAC,9-21,91.6982682596394,101.74566492217103,0.2322434838608748,2016,3
281,Cornell,Ivy,9-18,96.80074169492833,107.49712650642705,0.23053215753678852,2016,3
282,Stetson,ASun,8-22,102.16033781046079,113.55882801729659,0.22856334541907403,2016,3
283,Holy Cross,Pat,14-19,96.72068790689994,107.54102435659424,0.22802121474900575,2016,3
284,North Texas,CUSA,10-20,100.05244541313562,111.41045292685874,0.22503594414863287,2016,3
285,Seattle,WAC,12-16,94.26487714313319,104.99554524852412,0.22446966772250268,2016,3
286,Incarnate Word,Slnd,14-11,99.30636347501334,110.66561386301655,0.2234817451817226,2016,3
287,Youngstown St.,Horz,9-21,101.30837141327959,113.26617866527567,0.21702758648397572,2016,3
288,Sacramento St.,BSky,12-17,96.82664453168589,108.32114442432328,0.21584453551798674,2016,3
289,Jacksonville St.,OVC,6-23,97.2319209312137,108.9302929712658,0.21307232768951206,2016,3
290,Liberty,BSth,10-19,98.13433643629392,109.97653220959494,0.2124548320661057,2016,3
291,Cleveland St.,Horz,7-23,90.40370511397616,101.63156411060908,0.20647717894168205,2016,3
292,Charleston Southern,BSth,6-21,97.74867568374742,110.06347359085328,0.20349982822836168,2016,3
293,Houston Baptist,Slnd,13-16,100.44251791562252,113.30417648393374,0.2001047332163071,2016,3
294,Bethune Cookman,MEAC,12-18,97.6309933735424,110.40484499838459,0.19559939622227357,2016,3
295,St. Francis NY,NEC,14-17,92.31864415010051,104.52158940879089,0.19345783326982455,2016,3
296,Alabama St.,SWAC,12-17,97.99120530015291,110.94743141592542,0.19340179340938082,2016,3
297,St. Francis PA,NEC,12-17,99.79062637060267,113.15028971629441,0.19078912337307502,2016,3
298,Campbell,BSth,9-18,99.60559460531081,112.97169516042936,0.1902990599487057,2016,3
299,Morgan St.,MEAC,8-22,93.95334968002226,106.7282855403247,0.18753457375473084,2016,3
300,North Carolina Central,MEAC,10-19,97.68523134830886,111.18461023206108,0.18413521375729228,2016,3
301,Florida Atlantic,CUSA,7-24,95.06340528260392,108.37782264358455,0.18132251040875508,2016,3
302,Sacred Heart,NEC,12-18,98.16975992264116,112.03808293479119,0.1795179134548453,2016,3
303,Longwood,BSth,7-23,99.25345702868945,113.32968359786233,0.1786999593576597,2016,3
304,Binghamton,AE,8-22,89.13046265452297,102.09676937906427,0.17337002069278104,2016,3
305,Marist,MAAC,7-23,101.0664638392844,115.77307868970831,0.17331434716004765,2016,3
306,USC Upstate,ASun,7-21,99.83137343260424,114.45745092728573,0.17189053963159523,2016,3
307,Niagara,MAAC,7-25,93.1630786517859,107.06476827882659,0.16805872045984716,2016,3
308,Alcorn St.,SWAC,13-15,96.96766304645487,111.5003397886046,0.16714804428816715,2016,3
309,Maryland Eastern Shore,MEAC,9-22,98.12164102710145,112.84324740244563,0.1669214230347625,2016,3
310,SIU Edwardsville,OVC,6-22,94.31326066741843,108.49391858725325,0.16647317834689926,2016,3
311,Hartford,AE,9-23,99.25752909281269,114.36458261287491,0.16393352545732012,2016,3
312,Lafayette,Pat,6-24,99.09258512727297,114.28775836152153,0.16237721460990928,2016,3
313,UMass Lowell,AE,10-18,99.4431726357735,114.92481184019545,0.1592317784598,2016,3
314,Alabama A&M,SWAC,10-18,98.49863378973704,113.91736716570631,0.15809746153903018,2016,3
315,VMI,SC,6-21,95.57700486454092,110.59566572046285,0.15730620570817697,2016,3
316,Southern Miss,CUSA,7-20,94.61429930740675,109.62237615444495,0.15535832002697791,2016,3
317,The Citadel,SC,7-22,100.83260649081018,116.9077503154245,0.15431918391129226,2016,3
318,Robert Morris,NEC,10-22,90.38486390088747,104.84599900903291,0.15358164188428713,2016,3
319,Northern Colorado,BSky,8-21,101.02531715347536,117.34416891982278,0.15161232412909717,2016,3
320,Abilene Christian,Slnd,9-18,96.0292943814789,111.65478571762408,0.15011195056547733,2016,3
321,American,Pat,12-19,91.30521038432755,106.32827674830574,0.1478304945189419,2016,3
322,Southeastern Louisiana,Slnd,10-21,96.33893934106143,112.38943636709212,0.1452789305259685,2016,3
323,Coppin St.,MEAC,7-22,95.19883890466119,111.56400830900401,0.13892425903696382,2016,3
324,Savannah St.,MEAC,14-15,86.88953167885354,102.08140385899105,0.13551757638517065,2016,3
325,New Orleans,Slnd,7-20,95.06978285727472,111.73581315056005,0.13498886368721966,2016,3
326,Northwestern St.,Slnd,5-19,100.54608634530457,118.18218457513098,0.13487465410563443,2016,3
327,Nicholls St.,Slnd,8-23,91.14725774280248,107.39960879754057,0.13159588511113973,2016,3
328,Bradley,MVC,4-27,85.6811084359222,101.02239649458828,0.13077046886037422,2016,3
329,Central Arkansas,Slnd,7-21,99.72371259076503,117.6043405667297,0.13049283570488512,2016,3
330,Howard,MEAC,10-20,92.30609142876912,108.89713123891923,0.13000937880284924,2016,3
331,Presbyterian,BSth,8-20,93.15746658098374,109.92286741727014,0.1297570987563693,2016,3
332,Illinois Chicago,Horz,3-25,89.63295209319381,105.92546791874295,0.1277895500450891,2016,3
333,McNeese St.,Slnd,7-19,96.88035402879606,114.49033727880919,0.12778829053679042,2016,3
334,UMBC,AE,7-25,98.60436841506103,117.17066711922203,0.12090009529845168,2016,3
335,Lamar,Slnd,7-19,94.83592818384432,113.01567081597528,0.1174452183217071,2016,3
336,Maine,AE,8-22,94.8086141297892,113.64134060647885,0.1106959981694694,2016,3
337,UTSA,CUSA,4-26,96.6949455949013,116.03172019456028,0.10943957136720152,2016,3
338,North Carolina A&T,MEAC,10-21,95.03694041677596,114.16983812512615,0.10819164829745913,2016,3
339,Southeast Missouri St.,OVC,3-24,90.83961460576049,109.25057273892966,0.10694734620074724,2016,3
340,Bryant,NEC,7-23,93.38753670428332,113.03671032972045,0.10011211209388671,2016,3
341,Prairie View A&M,SWAC,7-24,88.10140036732132,106.93263502054651,0.09729289021220294,2016,3
342,Southern Utah,BSky,4-24,97.15604009039956,118.05816184779474,0.09613912281389839,2016,3
343,Northern Arizona,BSky,3-25,92.77771388649988,113.20020582047798,0.09212648999851811,2016,3
344,UT Rio Grande Valley,WAC,5-22,94.26400987263774,115.64433655488041,0.08699986262671731,2016,3
345,Mississippi Valley St.,SWAC,8-27,90.25987669522314,110.87592637484502,0.08582075188200027,2016,3
346,Chicago St.,WAC,1-28,90.61141114554113,112.53711537613384,0.0764150126040713,2016,3
347,Arkansas Pine Bluff,SWAC,8-25,87.68183340054236,109.68824483152852,0.07075390242959194,2016,3
348,Central Connecticut,NEC,4-25,92.33086579388535,117.63084081567968,0.058140876619124635,2016,3
349,Delaware St.,MEAC,5-25,88.46275233443674,112.70860943103509,0.0581084753809051,2016,3
350,Florida A&M,MEAC,6-21,83.12419893910226,107.07966479224852,0.05155238418130393,2016,3
351,Grambling St.,SWAC,4-24,86.01549885338238,110.81439887637492,0.05150068129657827,2016,3
